fuzzer,total,killed,score_percent
boofuzz,1578,144,9.125475285171103
fume,1578,146,9.252217997465145
scapy,1578,144,9.125475285171103
