module,mutant_id,class,diff_path,diff_excerpt
sensor.py,15,S2: MQTT payload/template handling,backups_resultados/sensor_antes_2h_20260702_1418/boofuzz/seed_1/mutant_diffs/mutant_15.diff,"--- ha_source/homeassistant/components/mqtt/sensor.py\n+++ ha_source/homeassistant/components/mqtt/sensor.py\n@@ -83,7 +83,7 @@\n-        and (state_class := config.get(CONF_STATE_CLASS)) != SensorStateClass.TOTAL\n+        and (state_class := config.get(CONF_STATE_CLASS)) == SensorStateClass.TOTAL"
sensor.py,17,S2: MQTT payload/template handling,backups_resultados/sensor_antes_2h_20260702_1418/boofuzz/seed_1/mutant_diffs/mutant_17.diff,"--- ha_source/homeassistant/components/mqtt/sensor.py\n+++ ha_source/homeassistant/components/mqtt/sensor.py\n@@ -86,7 +86,7 @@\n-            f""The option `{CONF_LAST_RESET_VALUE_TEMPLATE}` cannot be used ""\n+            f""XXThe option `{CONF_LAST_RESET_VALUE_TEMPLATE}` cannot be used XX"""
sensor.py,18,S2: MQTT payload/template handling,backups_resultados/sensor_antes_2h_20260702_1418/boofuzz/seed_1/mutant_diffs/mutant_18.diff,"--- ha_source/homeassistant/components/mqtt/sensor.py\n+++ ha_source/homeassistant/components/mqtt/sensor.py\n@@ -87,7 +87,7 @@\n-            f""together with state class `{state_class}`""\n+            f""XXtogether with state class `{state_class}`XX"""
sensor.py,20,S3: MQTT state update,backups_resultados/sensor_antes_2h_20260702_1418/boofuzz/seed_1/mutant_diffs/mutant_20.diff,"--- ha_source/homeassistant/components/mqtt/sensor.py\n+++ ha_source/homeassistant/components/mqtt/sensor.py\n@@ -98,10 +98,7 @@\n-DISCOVERY_SCHEMA = vol.All(\n-    _PLATFORM_SCHEMA_BASE.extend({}, extra=vol.REMOVE_EXTRA),\n-    validate_sensor_state_class_config,\n-)\n+DISCOVERY_SCHEMA = None"
sensor.py,27,S1: MQTT availability/expiration,backups_resultados/sensor_antes_2h_20260702_1418/boofuzz/seed_1/mutant_diffs/mutant_27.diff,"--- ha_source/homeassistant/components/mqtt/sensor.py\n+++ ha_source/homeassistant/components/mqtt/sensor.py\n@@ -128,7 +128,7 @@\n-    _expiration_trigger: CALLBACK_TYPE | None = None\n+    _expiration_trigger: CALLBACK_TYPE | None = """""
sensor.py,32,S1: MQTT availability/expiration,backups_resultados/sensor_antes_2h_20260702_1418/boofuzz/seed_1/mutant_diffs/mutant_32.diff,"--- ha_source/homeassistant/components/mqtt/sensor.py\n+++ ha_source/homeassistant/components/mqtt/sensor.py\n@@ -143,7 +143,7 @@\n-            (_expire_after := self._expire_after) is not None\n+            (_expire_after := self._expire_after) is  None"
sensor.py,33,S1: MQTT availability/expiration,backups_resultados/sensor_antes_2h_20260702_1418/boofuzz/seed_1/mutant_diffs/mutant_33.diff,"--- ha_source/homeassistant/components/mqtt/sensor.py\n+++ ha_source/homeassistant/components/mqtt/sensor.py\n@@ -144,7 +144,7 @@\n-            and _expire_after > 0\n+            and _expire_after >= 0"
sensor.py,34,S1: MQTT availability/expiration,backups_resultados/sensor_antes_2h_20260702_1418/boofuzz/seed_1/mutant_diffs/mutant_34.diff,"--- ha_source/homeassistant/components/mqtt/sensor.py\n+++ ha_source/homeassistant/components/mqtt/sensor.py\n@@ -144,7 +144,7 @@\n-            and _expire_after > 0\n+            and _expire_after > 1"
sensor.py,35,S1: MQTT availability/expiration,backups_resultados/sensor_antes_2h_20260702_1418/boofuzz/seed_1/mutant_diffs/mutant_35.diff,"--- ha_source/homeassistant/components/mqtt/sensor.py\n+++ ha_source/homeassistant/components/mqtt/sensor.py\n@@ -145,7 +145,7 @@\n-            and (last_state := await self.async_get_last_state()) is not None\n+            and (last_state := await self.async_get_last_state()) is  None"
sensor.py,36,S1: MQTT availability/expiration,backups_resultados/sensor_antes_2h_20260702_1418/boofuzz/seed_1/mutant_diffs/mutant_36.diff,"--- ha_source/homeassistant/components/mqtt/sensor.py\n+++ ha_source/homeassistant/components/mqtt/sensor.py\n@@ -146,7 +146,7 @@\n-            and last_state.state not in [STATE_UNKNOWN, STATE_UNAVAILABLE]\n+            and last_state.state  in [STATE_UNKNOWN, STATE_UNAVAILABLE]"
sensor.py,37,S1: MQTT availability/expiration,backups_resultados/sensor_antes_2h_20260702_1418/boofuzz/seed_1/mutant_diffs/mutant_37.diff,"--- ha_source/homeassistant/components/mqtt/sensor.py\n+++ ha_source/homeassistant/components/mqtt/sensor.py\n@@ -148,7 +148,7 @@\n-            is not None\n+            is  None"
sensor.py,38,S1: MQTT availability/expiration,backups_resultados/sensor_antes_2h_20260702_1418/boofuzz/seed_1/mutant_diffs/mutant_38.diff,"--- ha_source/homeassistant/components/mqtt/sensor.py\n+++ ha_source/homeassistant/components/mqtt/sensor.py\n@@ -151,7 +151,7 @@\n-            and not self._expiration_trigger\n+            and  self._expiration_trigger"
sensor.py,39,S1: MQTT availability/expiration,backups_resultados/sensor_antes_2h_20260702_1418/boofuzz/seed_1/mutant_diffs/mutant_39.diff,"--- ha_source/homeassistant/components/mqtt/sensor.py\n+++ ha_source/homeassistant/components/mqtt/sensor.py\n@@ -143,8 +143,7 @@\n-            (_expire_after := self._expire_after) is not None\n-            and _expire_after > 0\n+            (_expire_after := self._expire_after) is not None or _expire_after > 0"
sensor.py,40,S1: MQTT availability/expiration,backups_resultados/sensor_antes_2h_20260702_1418/boofuzz/seed_1/mutant_diffs/mutant_40.diff,"--- ha_source/homeassistant/components/mqtt/sensor.py\n+++ ha_source/homeassistant/components/mqtt/sensor.py\n@@ -153,7 +153,7 @@\n-            expiration_at = last_state.last_changed + timedelta(seconds=_expire_after)\n+            expiration_at = last_state.last_changed - timedelta(seconds=_expire_after)"
sensor.py,41,S1: MQTT availability/expiration,backups_resultados/sensor_antes_2h_20260702_1418/boofuzz/seed_1/mutant_diffs/mutant_41.diff,"--- ha_source/homeassistant/components/mqtt/sensor.py\n+++ ha_source/homeassistant/components/mqtt/sensor.py\n@@ -153,7 +153,7 @@\n-            expiration_at = last_state.last_changed + timedelta(seconds=_expire_after)\n+            expiration_at = None"
sensor.py,42,S1: MQTT availability/expiration,backups_resultados/sensor_antes_2h_20260702_1418/boofuzz/seed_1/mutant_diffs/mutant_42.diff,"--- ha_source/homeassistant/components/mqtt/sensor.py\n+++ ha_source/homeassistant/components/mqtt/sensor.py\n@@ -154,7 +154,7 @@\n-            remain_seconds = (expiration_at - dt_util.utcnow()).total_seconds()\n+            remain_seconds = (expiration_at + dt_util.utcnow()).total_seconds()"
sensor.py,43,S1: MQTT availability/expiration,backups_resultados/sensor_antes_2h_20260702_1418/boofuzz/seed_1/mutant_diffs/mutant_43.diff,"--- ha_source/homeassistant/components/mqtt/sensor.py\n+++ ha_source/homeassistant/components/mqtt/sensor.py\n@@ -154,7 +154,7 @@\n-            remain_seconds = (expiration_at - dt_util.utcnow()).total_seconds()\n+            remain_seconds = None"
sensor.py,44,S1: MQTT availability/expiration,backups_resultados/sensor_antes_2h_20260702_1418/boofuzz/seed_1/mutant_diffs/mutant_44.diff,"--- ha_source/homeassistant/components/mqtt/sensor.py\n+++ ha_source/homeassistant/components/mqtt/sensor.py\n@@ -156,7 +156,7 @@\n-            if remain_seconds <= 0:\n+            if remain_seconds < 0:"
sensor.py,45,S1: MQTT availability/expiration,backups_resultados/sensor_antes_2h_20260702_1418/boofuzz/seed_1/mutant_diffs/mutant_45.diff,"--- ha_source/homeassistant/components/mqtt/sensor.py\n+++ ha_source/homeassistant/components/mqtt/sensor.py\n@@ -156,7 +156,7 @@\n-            if remain_seconds <= 0:\n+            if remain_seconds <= 1:"
sensor.py,47,S1: MQTT availability/expiration,backups_resultados/sensor_antes_2h_20260702_1418/boofuzz/seed_1/mutant_diffs/mutant_47.diff,"--- ha_source/homeassistant/components/mqtt/sensor.py\n+++ ha_source/homeassistant/components/mqtt/sensor.py\n@@ -160,7 +160,7 @@\n-            self._expired = False\n+            self._expired = True"
sensor.py,48,S1: MQTT availability/expiration,backups_resultados/sensor_antes_2h_20260702_1418/boofuzz/seed_1/mutant_diffs/mutant_48.diff,"--- ha_source/homeassistant/components/mqtt/sensor.py\n+++ ha_source/homeassistant/components/mqtt/sensor.py\n@@ -160,7 +160,7 @@\n-            self._expired = False\n+            self._expired = None"
sensor.py,49,S1: MQTT availability/expiration,backups_resultados/sensor_antes_2h_20260702_1418/boofuzz/seed_1/mutant_diffs/mutant_49.diff,"--- ha_source/homeassistant/components/mqtt/sensor.py\n+++ ha_source/homeassistant/components/mqtt/sensor.py\n@@ -161,7 +161,7 @@\n-            self._attr_native_value = last_sensor_data.native_value\n+            self._attr_native_value = None"
sensor.py,50,S1: MQTT availability/expiration,backups_resultados/sensor_antes_2h_20260702_1418/boofuzz/seed_1/mutant_diffs/mutant_50.diff,"--- ha_source/homeassistant/components/mqtt/sensor.py\n+++ ha_source/homeassistant/components/mqtt/sensor.py\n@@ -163,9 +163,7 @@\n-            self._expiration_trigger = async_call_later(\n-                self.hass, remain_seconds, self._value_is_expired\n-            )\n+            self._expiration_trigger = None"
sensor.py,54,S1: MQTT availability/expiration,backups_resultados/sensor_antes_2h_20260702_1418/boofuzz/seed_1/mutant_diffs/mutant_54.diff,"--- ha_source/homeassistant/components/mqtt/sensor.py\n+++ ha_source/homeassistant/components/mqtt/sensor.py\n@@ -180,7 +180,7 @@\n-            self._expiration_trigger = None\n+            self._expiration_trigger = """""
sensor.py,65,S1: MQTT availability/expiration,backups_resultados/sensor_antes_2h_20260702_1418/boofuzz/seed_1/mutant_diffs/mutant_65.diff,"--- ha_source/homeassistant/components/mqtt/sensor.py\n+++ ha_source/homeassistant/components/mqtt/sensor.py\n@@ -200,7 +200,7 @@\n-        if self._expire_after is not None and self._expire_after > 0:\n+        if self._expire_after is not None and self._expire_after >= 0:"
sensor.py,66,S1: MQTT availability/expiration,backups_resultados/sensor_antes_2h_20260702_1418/boofuzz/seed_1/mutant_diffs/mutant_66.diff,"--- ha_source/homeassistant/components/mqtt/sensor.py\n+++ ha_source/homeassistant/components/mqtt/sensor.py\n@@ -200,7 +200,7 @@\n-        if self._expire_after is not None and self._expire_after > 0:\n+        if self._expire_after is not None and self._expire_after > 1:"
sensor.py,68,S1: MQTT availability/expiration,backups_resultados/sensor_antes_2h_20260702_1418/boofuzz/seed_1/mutant_diffs/mutant_68.diff,"--- ha_source/homeassistant/components/mqtt/sensor.py\n+++ ha_source/homeassistant/components/mqtt/sensor.py\n@@ -201,7 +201,7 @@\n-            self._expired = True\n+            self._expired = False"
sensor.py,69,S1: MQTT availability/expiration,backups_resultados/sensor_antes_2h_20260702_1418/boofuzz/seed_1/mutant_diffs/mutant_69.diff,"--- ha_source/homeassistant/components/mqtt/sensor.py\n+++ ha_source/homeassistant/components/mqtt/sensor.py\n@@ -201,7 +201,7 @@\n-            self._expired = True\n+            self._expired = None"
sensor.py,70,S1: MQTT availability/expiration,backups_resultados/sensor_antes_2h_20260702_1418/boofuzz/seed_1/mutant_diffs/mutant_70.diff,"--- ha_source/homeassistant/components/mqtt/sensor.py\n+++ ha_source/homeassistant/components/mqtt/sensor.py\n@@ -203,7 +203,7 @@\n-            self._expired = None\n+            self._expired = """""
sensor.py,78,S1: MQTT availability/expiration,backups_resultados/sensor_antes_2h_20260702_1418/boofuzz/seed_1/mutant_diffs/mutant_78.diff,"--- ha_source/homeassistant/components/mqtt/sensor.py\n+++ ha_source/homeassistant/components/mqtt/sensor.py\n@@ -220,7 +220,7 @@\n-            self._expired = False\n+            self._expired = True"
sensor.py,79,S1: MQTT availability/expiration,backups_resultados/sensor_antes_2h_20260702_1418/boofuzz/seed_1/mutant_diffs/mutant_79.diff,"--- ha_source/homeassistant/components/mqtt/sensor.py\n+++ ha_source/homeassistant/components/mqtt/sensor.py\n@@ -220,7 +220,7 @@\n-            self._expired = False\n+            self._expired = None"
sensor.py,80,S1: MQTT availability/expiration,backups_resultados/sensor_antes_2h_20260702_1418/boofuzz/seed_1/mutant_diffs/mutant_80.diff,"--- ha_source/homeassistant/components/mqtt/sensor.py\n+++ ha_source/homeassistant/components/mqtt/sensor.py\n@@ -227,9 +227,7 @@\n-            self._expiration_trigger = async_call_later(\n-                self.hass, self._expire_after, self._value_is_expired\n-            )\n+            self._expiration_trigger = None"
sensor.py,82,S2: MQTT payload/template handling,backups_resultados/sensor_antes_2h_20260702_1418/boofuzz/seed_1/mutant_diffs/mutant_82.diff,"--- ha_source/homeassistant/components/mqtt/sensor.py\n+++ ha_source/homeassistant/components/mqtt/sensor.py\n@@ -234,7 +234,7 @@\n-            payload = msg.payload\n+            payload = None"
sensor.py,109,S2: MQTT payload/template handling,backups_resultados/sensor_antes_2h_20260702_1418/boofuzz/seed_1/mutant_diffs/mutant_109.diff,"--- ha_source/homeassistant/components/mqtt/sensor.py\n+++ ha_source/homeassistant/components/mqtt/sensor.py\n@@ -279,7 +279,7 @@\n-            if last_reset is None:\n+            if last_reset is not None:"
sensor.py,116,S1: MQTT availability/expiration,backups_resultados/sensor_antes_2h_20260702_1418/boofuzz/seed_1/mutant_diffs/mutant_116.diff,"--- ha_source/homeassistant/components/mqtt/sensor.py\n+++ ha_source/homeassistant/components/mqtt/sensor.py\n@@ -300,7 +300,7 @@\n-            {""_attr_native_value"", ""_attr_last_reset"", ""_expired""},\n+            {""_attr_native_value"", ""XX_attr_last_resetXX"", ""_expired""},"
sensor.py,117,S1: MQTT availability/expiration,backups_resultados/sensor_antes_2h_20260702_1418/boofuzz/seed_1/mutant_diffs/mutant_117.diff,"--- ha_source/homeassistant/components/mqtt/sensor.py\n+++ ha_source/homeassistant/components/mqtt/sensor.py\n@@ -300,7 +300,7 @@\n-            {""_attr_native_value"", ""_attr_last_reset"", ""_expired""},\n+            {""_attr_native_value"", ""_attr_last_reset"", ""XX_expiredXX""},"
sensor.py,123,S1: MQTT availability/expiration,backups_resultados/sensor_antes_2h_20260702_1418/boofuzz/seed_1/mutant_diffs/mutant_123.diff,"--- ha_source/homeassistant/components/mqtt/sensor.py\n+++ ha_source/homeassistant/components/mqtt/sensor.py\n@@ -319,6 +319,6 @@\n-            self._expire_after is None or not self._expired\n+            self._expire_after is not None or not self._expired"
sensor.py,124,S1: MQTT availability/expiration,backups_resultados/sensor_antes_2h_20260702_1418/boofuzz/seed_1/mutant_diffs/mutant_124.diff,"--- ha_source/homeassistant/components/mqtt/sensor.py\n+++ ha_source/homeassistant/components/mqtt/sensor.py\n@@ -319,6 +319,6 @@\n-            self._expire_after is None or not self._expired\n+            self._expire_after is None or  self._expired"
sensor.py,125,S1: MQTT availability/expiration,backups_resultados/sensor_antes_2h_20260702_1418/boofuzz/seed_1/mutant_diffs/mutant_125.diff,"--- ha_source/homeassistant/components/mqtt/sensor.py\n+++ ha_source/homeassistant/components/mqtt/sensor.py\n@@ -319,6 +319,6 @@\n-            self._expire_after is None or not self._expired\n+            self._expire_after is None and not self._expired"
sensor.py,126,S1: MQTT availability/expiration,backups_resultados/sensor_antes_2h_20260702_1418/boofuzz/seed_1/mutant_diffs/mutant_126.diff,"--- ha_source/homeassistant/components/mqtt/sensor.py\n+++ ha_source/homeassistant/components/mqtt/sensor.py\n@@ -318,7 +318,7 @@\n-        return MqttAvailabilityMixin.available.fget(self) and (  # type: ignore[attr-defined]\n+        return MqttAvailabilityMixin.available.fget(self) or (  # type: ignore[attr-defined]"
template.py,15,T1: value-template rendering/interpreting,resultados_mutmut/template/boofuzz/seed_1/mutant_diffs/mutant_15.diff,"--- ha_source/homeassistant/helpers/template.py\n+++ ha_source/homeassistant/helpers/template.py\n@@ -103,7 +103,7 @@\n-    ""contextfunction"",\n+    ""XXcontextfunctionXX"","
template.py,16,T1: value-template rendering/interpreting,resultados_mutmut/template/boofuzz/seed_1/mutant_diffs/mutant_16.diff,"--- ha_source/homeassistant/helpers/template.py\n+++ ha_source/homeassistant/helpers/template.py\n@@ -104,7 +104,7 @@\n-    ""evalcontextfunction"",\n+    ""XXevalcontextfunctionXX"","
template.py,17,T1: value-template rendering/interpreting,resultados_mutmut/template/boofuzz/seed_1/mutant_diffs/mutant_17.diff,"--- ha_source/homeassistant/helpers/template.py\n+++ ha_source/homeassistant/helpers/template.py\n@@ -105,7 +105,7 @@\n-    ""environmentfunction"",\n+    ""XXenvironmentfunctionXX"","
template.py,18,T1: value-template rendering/interpreting,resultados_mutmut/template/boofuzz/seed_1/mutant_diffs/mutant_18.diff,"--- ha_source/homeassistant/helpers/template.py\n+++ ha_source/homeassistant/helpers/template.py\n@@ -106,7 +106,7 @@\n-    ""jinja_pass_arg"",\n+    ""XXjinja_pass_argXX"","
template.py,19,T1: value-template rendering/interpreting,resultados_mutmut/template/boofuzz/seed_1/mutant_diffs/mutant_19.diff,"--- ha_source/homeassistant/helpers/template.py\n+++ ha_source/homeassistant/helpers/template.py\n@@ -102,12 +102,7 @@\n-_RESERVED_NAMES = {\n-    ""contextfunction"",\n-    ""evalcontextfunction"",\n-    ""environmentfunction"",\n-    ""jinja_pass_arg"",\n-}\n+_RESERVED_NAMES = None"
template.py,28,T1: value-template rendering/interpreting,resultados_mutmut/template/boofuzz/seed_1/mutant_diffs/mutant_28.diff,"--- ha_source/homeassistant/helpers/template.py\n+++ ha_source/homeassistant/helpers/template.py\n@@ -109,16 +109,7 @@\n-_COLLECTABLE_STATE_ATTRIBUTES = {\n-    ""state"",\n-    ""attributes"",\n-    ""last_changed"",\n-    ""last_updated"",\n-    ""context"",\n-    ""domain"","
template.py,29,T1: value-template rendering/interpreting,resultados_mutmut/template/boofuzz/seed_1/mutant_diffs/mutant_29.diff,"--- ha_source/homeassistant/helpers/template.py\n+++ ha_source/homeassistant/helpers/template.py\n@@ -120,7 +120,7 @@\n-ALL_STATES_RATE_LIMIT = 60  # seconds\n+ALL_STATES_RATE_LIMIT = 61  # seconds"
template.py,30,T1: value-template rendering/interpreting,resultados_mutmut/template/boofuzz/seed_1/mutant_diffs/mutant_30.diff,"--- ha_source/homeassistant/helpers/template.py\n+++ ha_source/homeassistant/helpers/template.py\n@@ -120,7 +120,7 @@\n-ALL_STATES_RATE_LIMIT = 60  # seconds\n+ALL_STATES_RATE_LIMIT = None  # seconds"
template.py,31,T1: value-template rendering/interpreting,resultados_mutmut/template/boofuzz/seed_1/mutant_diffs/mutant_31.diff,"--- ha_source/homeassistant/helpers/template.py\n+++ ha_source/homeassistant/helpers/template.py\n@@ -121,7 +121,7 @@\n-DOMAIN_STATES_RATE_LIMIT = 1  # seconds\n+DOMAIN_STATES_RATE_LIMIT = 2  # seconds"
template.py,32,T1: value-template rendering/interpreting,resultados_mutmut/template/boofuzz/seed_1/mutant_diffs/mutant_32.diff,"--- ha_source/homeassistant/helpers/template.py\n+++ ha_source/homeassistant/helpers/template.py\n@@ -121,7 +121,7 @@\n-DOMAIN_STATES_RATE_LIMIT = 1  # seconds\n+DOMAIN_STATES_RATE_LIMIT = None  # seconds"
template.py,33,T1: value-template rendering/interpreting,resultados_mutmut/template/boofuzz/seed_1/mutant_diffs/mutant_33.diff,"--- ha_source/homeassistant/helpers/template.py\n+++ ha_source/homeassistant/helpers/template.py\n@@ -123,7 +123,7 @@\n-_render_info: ContextVar[RenderInfo | None] = ContextVar(""_render_info"", default=None)\n+_render_info: ContextVar[RenderInfo & None] = ContextVar(""_render_info"", default=None)"
template.py,34,T1: value-template rendering/interpreting,resultados_mutmut/template/boofuzz/seed_1/mutant_diffs/mutant_34.diff,"--- ha_source/homeassistant/helpers/template.py\n+++ ha_source/homeassistant/helpers/template.py\n@@ -123,7 +123,7 @@\n-_render_info: ContextVar[RenderInfo | None] = ContextVar(""_render_info"", default=None)\n+_render_info: ContextVar[RenderInfo | None] = ContextVar(""XX_render_infoXX"", default=None)"
template.py,35,T1: value-template rendering/interpreting,resultados_mutmut/template/boofuzz/seed_1/mutant_diffs/mutant_35.diff,"--- ha_source/homeassistant/helpers/template.py\n+++ ha_source/homeassistant/helpers/template.py\n@@ -123,7 +123,7 @@\n-_render_info: ContextVar[RenderInfo | None] = ContextVar(""_render_info"", default=None)\n+_render_info: ContextVar[RenderInfo | None] = None"
template.py,36,T1: value-template rendering/interpreting,resultados_mutmut/template/boofuzz/seed_1/mutant_diffs/mutant_36.diff,"--- ha_source/homeassistant/helpers/template.py\n+++ ha_source/homeassistant/helpers/template.py\n@@ -126,7 +126,7 @@\n-template_cv: ContextVar[tuple[str, str] | None] = ContextVar(\n+template_cv: ContextVar[tuple[str, str] & None] = ContextVar("
template.py,69,T1: value-template rendering/interpreting,resultados_mutmut/template/boofuzz/seed_1/mutant_diffs/mutant_69.diff,"--- ha_source/homeassistant/helpers/template.py\n+++ ha_source/homeassistant/helpers/template.py\n@@ -215,7 +215,7 @@\n-        obj.hass = hass\n+        obj.hass = None"
template.py,70,T1: value-template rendering/interpreting,resultados_mutmut/template/boofuzz/seed_1/mutant_diffs/mutant_70.diff,"--- ha_source/homeassistant/helpers/template.py\n+++ ha_source/homeassistant/helpers/template.py\n@@ -221,7 +221,7 @@\n-    limited: bool = False,\n+    limited: bool = True,"
template.py,71,T1: value-template rendering/interpreting,resultados_mutmut/template/boofuzz/seed_1/mutant_diffs/mutant_71.diff,"--- ha_source/homeassistant/helpers/template.py\n+++ ha_source/homeassistant/helpers/template.py\n@@ -222,7 +222,7 @@\n-    parse_result: bool = True,\n+    parse_result: bool = False,"
template.py,72,T1: value-template rendering/interpreting,resultados_mutmut/template/boofuzz/seed_1/mutant_diffs/mutant_72.diff,"--- ha_source/homeassistant/helpers/template.py\n+++ ha_source/homeassistant/helpers/template.py\n@@ -245,7 +245,7 @@\n-        return True\n+        return False"
template.py,73,T1: value-template rendering/interpreting,resultados_mutmut/template/boofuzz/seed_1/mutant_diffs/mutant_73.diff,"--- ha_source/homeassistant/helpers/template.py\n+++ ha_source/homeassistant/helpers/template.py\n@@ -249,7 +249,7 @@\n-        return any(is_complex(val) for val in value) or any(\n+        return any(is_complex(val) for val in value) and any("
template.py,74,T1: value-template rendering/interpreting,resultados_mutmut/template/boofuzz/seed_1/mutant_diffs/mutant_74.diff,"--- ha_source/homeassistant/helpers/template.py\n+++ ha_source/homeassistant/helpers/template.py\n@@ -252,7 +252,7 @@\n-    return False\n+    return True"
template.py,77,T1: value-template rendering/interpreting,resultados_mutmut/template/boofuzz/seed_1/mutant_diffs/mutant_77.diff,"--- ha_source/homeassistant/helpers/template.py\n+++ ha_source/homeassistant/helpers/template.py\n@@ -258,7 +258,7 @@\n-        ""{%"" in maybe_template or ""{{"" in maybe_template or ""{#"" in maybe_template\n+        ""XX{%XX"" in maybe_template or ""{{"" in maybe_template or ""{#"" in maybe_template"
template.py,78,T1: value-template rendering/interpreting,resultados_mutmut/template/boofuzz/seed_1/mutant_diffs/mutant_78.diff,"--- ha_source/homeassistant/helpers/template.py\n+++ ha_source/homeassistant/helpers/template.py\n@@ -258,7 +258,7 @@\n-        ""{%"" in maybe_template or ""{{"" in maybe_template or ""{#"" in maybe_template\n+        ""{%"" not in maybe_template or ""{{"" in maybe_template or ""{#"" in maybe_template"
template.py,81,T1: value-template rendering/interpreting,resultados_mutmut/template/boofuzz/seed_1/mutant_diffs/mutant_81.diff,"--- ha_source/homeassistant/helpers/template.py\n+++ ha_source/homeassistant/helpers/template.py\n@@ -258,7 +258,7 @@\n-        ""{%"" in maybe_template or ""{{"" in maybe_template or ""{#"" in maybe_template\n+        ""{%"" in maybe_template or ""{{"" in maybe_template or ""XX{#XX"" in maybe_template"
template.py,82,T1: value-template rendering/interpreting,resultados_mutmut/template/boofuzz/seed_1/mutant_diffs/mutant_82.diff,"--- ha_source/homeassistant/helpers/template.py\n+++ ha_source/homeassistant/helpers/template.py\n@@ -258,7 +258,7 @@\n-        ""{%"" in maybe_template or ""{{"" in maybe_template or ""{#"" in maybe_template\n+        ""{%"" in maybe_template or ""{{"" in maybe_template or ""{#"" not in maybe_template"
template.py,84,T1: value-template rendering/interpreting,resultados_mutmut/template/boofuzz/seed_1/mutant_diffs/mutant_84.diff,"--- ha_source/homeassistant/helpers/template.py\n+++ ha_source/homeassistant/helpers/template.py\n@@ -257,7 +257,7 @@\n-    return ""{"" in maybe_template and (\n+    return ""{"" in maybe_template or ("
template.py,85,T1: value-template rendering/interpreting,resultados_mutmut/template/boofuzz/seed_1/mutant_diffs/mutant_85.diff,"--- ha_source/homeassistant/helpers/template.py\n+++ ha_source/homeassistant/helpers/template.py\n@@ -276,7 +276,7 @@\n-            self.render_result = render_result\n+            self.render_result = None"
template.py,86,T1: value-template rendering/interpreting,resultados_mutmut/template/boofuzz/seed_1/mutant_diffs/mutant_86.diff,"--- ha_source/homeassistant/helpers/template.py\n+++ ha_source/homeassistant/helpers/template.py\n@@ -279,7 +279,7 @@\n-            if self.render_result is None:\n+            if self.render_result is not None:"
template.py,87,T1: value-template rendering/interpreting,resultados_mutmut/template/boofuzz/seed_1/mutant_diffs/mutant_87.diff,"--- ha_source/homeassistant/helpers/template.py\n+++ ha_source/homeassistant/helpers/template.py\n@@ -281,7 +281,7 @@\n-                if kls is set:\n+                if kls is not set:"
template.py,89,T1: value-template rendering/interpreting,resultados_mutmut/template/boofuzz/seed_1/mutant_diffs/mutant_89.diff,"--- ha_source/homeassistant/helpers/template.py\n+++ ha_source/homeassistant/helpers/template.py\n@@ -304,7 +304,7 @@\n-        self.render_result = render_result\n+        self.render_result = None"
template.py,90,T1: value-template rendering/interpreting,resultados_mutmut/template/boofuzz/seed_1/mutant_diffs/mutant_90.diff,"--- ha_source/homeassistant/helpers/template.py\n+++ ha_source/homeassistant/helpers/template.py\n@@ -308,7 +308,7 @@\n-        if self.render_result is None:\n+        if self.render_result is not None:"
template.py,91,T1: value-template rendering/interpreting,resultados_mutmut/template/boofuzz/seed_1/mutant_diffs/mutant_91.diff,"--- ha_source/homeassistant/helpers/template.py\n+++ ha_source/homeassistant/helpers/template.py\n@@ -314,7 +314,7 @@\n-_types: tuple[type[dict | list | set], ...] = (dict, list, set)\n+_types: tuple[type[dict & list | set], ...] = (dict, list, set)"
template.py,92,T1: value-template rendering/interpreting,resultados_mutmut/template/boofuzz/seed_1/mutant_diffs/mutant_92.diff,"--- ha_source/homeassistant/helpers/template.py\n+++ ha_source/homeassistant/helpers/template.py\n@@ -314,7 +314,7 @@\n-_types: tuple[type[dict | list | set], ...] = (dict, list, set)\n+_types: tuple[type[dict | list & set], ...] = (dict, list, set)"
template.py,95,T1: value-template rendering/interpreting,resultados_mutmut/template/boofuzz/seed_1/mutant_diffs/mutant_95.diff,"--- ha_source/homeassistant/helpers/template.py\n+++ ha_source/homeassistant/helpers/template.py\n@@ -316,7 +316,7 @@\n-RESULT_WRAPPERS[tuple] = TupleWrapper\n+RESULT_WRAPPERS[tuple] = None"
template.py,98,T1: value-template rendering/interpreting,resultados_mutmut/template/boofuzz/seed_1/mutant_diffs/mutant_98.diff,"--- ha_source/homeassistant/helpers/template.py\n+++ ha_source/homeassistant/helpers/template.py\n@@ -326,8 +326,6 @@\n-\n-@lru_cache(maxsize=EVAL_CACHE_SIZE)"
template.py,99,T1: value-template rendering/interpreting,resultados_mutmut/template/boofuzz/seed_1/mutant_diffs/mutant_99.diff,"--- ha_source/homeassistant/helpers/template.py\n+++ ha_source/homeassistant/helpers/template.py\n@@ -330,7 +330,7 @@\n-    result = literal_eval(render_result)\n+    result = None"
template.py,100,T1: value-template rendering/interpreting,resultados_mutmut/template/boofuzz/seed_1/mutant_diffs/mutant_100.diff,"--- ha_source/homeassistant/helpers/template.py\n+++ ha_source/homeassistant/helpers/template.py\n@@ -331,7 +331,7 @@\n-    if type(result) in RESULT_WRAPPERS:\n+    if type(result) not in RESULT_WRAPPERS:"
template.py,101,T1: value-template rendering/interpreting,resultados_mutmut/template/boofuzz/seed_1/mutant_diffs/mutant_101.diff,"--- ha_source/homeassistant/helpers/template.py\n+++ ha_source/homeassistant/helpers/template.py\n@@ -332,7 +332,7 @@\n-        result = RESULT_WRAPPERS[type(result)](result, render_result=render_result)\n+        result = None"
template.py,102,T1: value-template rendering/interpreting,resultados_mutmut/template/boofuzz/seed_1/mutant_diffs/mutant_102.diff,"--- ha_source/homeassistant/helpers/template.py\n+++ ha_source/homeassistant/helpers/template.py\n@@ -341,7 +341,7 @@\n-        not isinstance(result, (str, complex))\n+         isinstance(result, (str, complex))"
template.py,103,T1: value-template rendering/interpreting,resultados_mutmut/template/boofuzz/seed_1/mutant_diffs/mutant_103.diff,"--- ha_source/homeassistant/helpers/template.py\n+++ ha_source/homeassistant/helpers/template.py\n@@ -344,7 +344,7 @@\n-            not isinstance(result, (int, float))\n+             isinstance(result, (int, float))"
template.py,104,T1: value-template rendering/interpreting,resultados_mutmut/template/boofuzz/seed_1/mutant_diffs/mutant_104.diff,"--- ha_source/homeassistant/helpers/template.py\n+++ ha_source/homeassistant/helpers/template.py\n@@ -348,7 +348,7 @@\n-            or _IS_NUMERIC.match(render_result) is not None\n+            or _IS_NUMERIC.match(render_result) is  None"
template.py,105,T1: value-template rendering/interpreting,resultados_mutmut/template/boofuzz/seed_1/mutant_diffs/mutant_105.diff,"--- ha_source/homeassistant/helpers/template.py\n+++ ha_source/homeassistant/helpers/template.py\n@@ -344,9 +344,7 @@\n-            not isinstance(result, (int, float))\n-            # Or it's a boolean (inherit from int)\n-            or isinstance(result, bool)\n+            not isinstance(result, (int, float)) and isinstance(result, bool)"
template.py,106,T1: value-template rendering/interpreting,resultados_mutmut/template/boofuzz/seed_1/mutant_diffs/mutant_106.diff,"--- ha_source/homeassistant/helpers/template.py\n+++ ha_source/homeassistant/helpers/template.py\n@@ -341,8 +341,7 @@\n-        not isinstance(result, (str, complex))\n-        and (\n+        not isinstance(result, (str, complex)) or ("
template.py,107,T1: value-template rendering/interpreting,resultados_mutmut/template/boofuzz/seed_1/mutant_diffs/mutant_107.diff,"--- ha_source/homeassistant/helpers/template.py\n+++ ha_source/homeassistant/helpers/template.py\n@@ -360,7 +360,7 @@\n-        ""template"",\n+        ""XXtemplateXX"","
template.py,108,T1: value-template rendering/interpreting,resultados_mutmut/template/boofuzz/seed_1/mutant_diffs/mutant_108.diff,"--- ha_source/homeassistant/helpers/template.py\n+++ ha_source/homeassistant/helpers/template.py\n@@ -361,7 +361,7 @@\n-        ""filter_lifecycle"",\n+        ""XXfilter_lifecycleXX"","
template.py,109,T1: value-template rendering/interpreting,resultados_mutmut/template/boofuzz/seed_1/mutant_diffs/mutant_109.diff,"--- ha_source/homeassistant/helpers/template.py\n+++ ha_source/homeassistant/helpers/template.py\n@@ -362,7 +362,7 @@\n-        ""filter"",\n+        ""XXfilterXX"","
template.py,110,T1: value-template rendering/interpreting,resultados_mutmut/template/boofuzz/seed_1/mutant_diffs/mutant_110.diff,"--- ha_source/homeassistant/helpers/template.py\n+++ ha_source/homeassistant/helpers/template.py\n@@ -363,7 +363,7 @@\n-        ""_result"",\n+        ""XX_resultXX"","
template.py,111,T1: value-template rendering/interpreting,resultados_mutmut/template/boofuzz/seed_1/mutant_diffs/mutant_111.diff,"--- ha_source/homeassistant/helpers/template.py\n+++ ha_source/homeassistant/helpers/template.py\n@@ -364,7 +364,7 @@\n-        ""is_static"",\n+        ""XXis_staticXX"","
template.py,122,T1: value-template rendering/interpreting,resultados_mutmut/template/boofuzz/seed_1/mutant_diffs/mutant_122.diff,"--- ha_source/homeassistant/helpers/template.py\n+++ ha_source/homeassistant/helpers/template.py\n@@ -379,7 +379,7 @@\n-        self.filter_lifecycle: Callable[[str], bool] = _true\n+        self.filter_lifecycle: Callable[[str], bool] = None"
template.py,123,T1: value-template rendering/interpreting,resultados_mutmut/template/boofuzz/seed_1/mutant_diffs/mutant_123.diff,"--- ha_source/homeassistant/helpers/template.py\n+++ ha_source/homeassistant/helpers/template.py\n@@ -380,7 +380,7 @@\n-        self.filter: Callable[[str], bool] = _true\n+        self.filter: Callable[[str], bool] = None"
template.py,124,T1: value-template rendering/interpreting,resultados_mutmut/template/boofuzz/seed_1/mutant_diffs/mutant_124.diff,"--- ha_source/homeassistant/helpers/template.py\n+++ ha_source/homeassistant/helpers/template.py\n@@ -381,7 +381,7 @@\n-        self._result: str | None = None\n+        self._result: str & None = None"
template.py,125,T1: value-template rendering/interpreting,resultados_mutmut/template/boofuzz/seed_1/mutant_diffs/mutant_125.diff,"--- ha_source/homeassistant/helpers/template.py\n+++ ha_source/homeassistant/helpers/template.py\n@@ -381,7 +381,7 @@\n-        self._result: str | None = None\n+        self._result: str | None = """""
template.py,126,T1: value-template rendering/interpreting,resultados_mutmut/template/boofuzz/seed_1/mutant_diffs/mutant_126.diff,"--- ha_source/homeassistant/helpers/template.py\n+++ ha_source/homeassistant/helpers/template.py\n@@ -382,7 +382,7 @@\n-        self.is_static = False\n+        self.is_static = True"
template.py,127,T1: value-template rendering/interpreting,resultados_mutmut/template/boofuzz/seed_1/mutant_diffs/mutant_127.diff,"--- ha_source/homeassistant/helpers/template.py\n+++ ha_source/homeassistant/helpers/template.py\n@@ -382,7 +382,7 @@\n-        self.is_static = False\n+        self.is_static = None"
template.py,128,T1: value-template rendering/interpreting,resultados_mutmut/template/boofuzz/seed_1/mutant_diffs/mutant_128.diff,"--- ha_source/homeassistant/helpers/template.py\n+++ ha_source/homeassistant/helpers/template.py\n@@ -383,7 +383,7 @@\n-        self.exception: TemplateError | None = None\n+        self.exception: TemplateError & None = None"
template.py,129,T1: value-template rendering/interpreting,resultados_mutmut/template/boofuzz/seed_1/mutant_diffs/mutant_129.diff,"--- ha_source/homeassistant/helpers/template.py\n+++ ha_source/homeassistant/helpers/template.py\n@@ -383,7 +383,7 @@\n-        self.exception: TemplateError | None = None\n+        self.exception: TemplateError | None = """""
template.py,130,T1: value-template rendering/interpreting,resultados_mutmut/template/boofuzz/seed_1/mutant_diffs/mutant_130.diff,"--- ha_source/homeassistant/helpers/template.py\n+++ ha_source/homeassistant/helpers/template.py\n@@ -384,7 +384,7 @@\n-        self.all_states = False\n+        self.all_states = True"
template.py,131,T1: value-template rendering/interpreting,resultados_mutmut/template/boofuzz/seed_1/mutant_diffs/mutant_131.diff,"--- ha_source/homeassistant/helpers/template.py\n+++ ha_source/homeassistant/helpers/template.py\n@@ -384,7 +384,7 @@\n-        self.all_states = False\n+        self.all_states = None"
template.py,132,T1: value-template rendering/interpreting,resultados_mutmut/template/boofuzz/seed_1/mutant_diffs/mutant_132.diff,"--- ha_source/homeassistant/helpers/template.py\n+++ ha_source/homeassistant/helpers/template.py\n@@ -385,7 +385,7 @@\n-        self.all_states_lifecycle = False\n+        self.all_states_lifecycle = True"
template.py,133,T1: value-template rendering/interpreting,resultados_mutmut/template/boofuzz/seed_1/mutant_diffs/mutant_133.diff,"--- ha_source/homeassistant/helpers/template.py\n+++ ha_source/homeassistant/helpers/template.py\n@@ -385,7 +385,7 @@\n-        self.all_states_lifecycle = False\n+        self.all_states_lifecycle = None"
template.py,134,T1: value-template rendering/interpreting,resultados_mutmut/template/boofuzz/seed_1/mutant_diffs/mutant_134.diff,"--- ha_source/homeassistant/helpers/template.py\n+++ ha_source/homeassistant/helpers/template.py\n@@ -386,7 +386,7 @@\n-        self.domains: collections.abc.Set[str] = set()\n+        self.domains: collections.abc.Set[str] = None"
template.py,157,T1: value-template rendering/interpreting,resultados_mutmut/template/boofuzz/seed_1/mutant_diffs/mutant_157.diff,"--- ha_source/homeassistant/helpers/template.py\n+++ ha_source/homeassistant/helpers/template.py\n@@ -429,7 +429,7 @@\n-        return split_entity_id(entity_id)[0] in self.domains_lifecycle\n+        return split_entity_id(entity_id)[1] in self.domains_lifecycle"
template.py,158,T1: value-template rendering/interpreting,resultados_mutmut/template/boofuzz/seed_1/mutant_diffs/mutant_158.diff,"--- ha_source/homeassistant/helpers/template.py\n+++ ha_source/homeassistant/helpers/template.py\n@@ -429,7 +429,7 @@\n-        return split_entity_id(entity_id)[0] in self.domains_lifecycle\n+        return split_entity_id(entity_id)[0] not in self.domains_lifecycle"
template.py,159,T1: value-template rendering/interpreting,resultados_mutmut/template/boofuzz/seed_1/mutant_diffs/mutant_159.diff,"--- ha_source/homeassistant/helpers/template.py\n+++ ha_source/homeassistant/helpers/template.py\n@@ -433,7 +433,7 @@\n-        if self.exception is not None:\n+        if self.exception is  None:"
template.py,160,T1: value-template rendering/interpreting,resultados_mutmut/template/boofuzz/seed_1/mutant_diffs/mutant_160.diff,"--- ha_source/homeassistant/helpers/template.py\n+++ ha_source/homeassistant/helpers/template.py\n@@ -438,7 +438,7 @@\n-        self.is_static = True\n+        self.is_static = False"
template.py,161,T1: value-template rendering/interpreting,resultados_mutmut/template/boofuzz/seed_1/mutant_diffs/mutant_161.diff,"--- ha_source/homeassistant/helpers/template.py\n+++ ha_source/homeassistant/helpers/template.py\n@@ -438,7 +438,7 @@\n-        self.is_static = True\n+        self.is_static = None"
template.py,194,T1: value-template rendering/interpreting,resultados_mutmut/template/boofuzz/seed_1/mutant_diffs/mutant_194.diff,"--- ha_source/homeassistant/helpers/template.py\n+++ ha_source/homeassistant/helpers/template.py\n@@ -500,7 +500,7 @@\n-        self._compiled_code: CodeType | None = None\n+        self._compiled_code: CodeType & None = None"
template.py,196,T1: value-template rendering/interpreting,resultados_mutmut/template/boofuzz/seed_1/mutant_diffs/mutant_196.diff,"--- ha_source/homeassistant/helpers/template.py\n+++ ha_source/homeassistant/helpers/template.py\n@@ -501,7 +501,7 @@\n-        self._compiled: jinja2.Template | None = None\n+        self._compiled: jinja2.Template & None = None"
template.py,197,T1: value-template rendering/interpreting,resultados_mutmut/template/boofuzz/seed_1/mutant_diffs/mutant_197.diff,"--- ha_source/homeassistant/helpers/template.py\n+++ ha_source/homeassistant/helpers/template.py\n@@ -501,7 +501,7 @@\n-        self._compiled: jinja2.Template | None = None\n+        self._compiled: jinja2.Template | None = """""
template.py,198,T1: value-template rendering/interpreting,resultados_mutmut/template/boofuzz/seed_1/mutant_diffs/mutant_198.diff,"--- ha_source/homeassistant/helpers/template.py\n+++ ha_source/homeassistant/helpers/template.py\n@@ -502,7 +502,7 @@\n-        self.hass = hass\n+        self.hass = None"
template.py,200,T1: value-template rendering/interpreting,resultados_mutmut/template/boofuzz/seed_1/mutant_diffs/mutant_200.diff,"--- ha_source/homeassistant/helpers/template.py\n+++ ha_source/homeassistant/helpers/template.py\n@@ -503,7 +503,7 @@\n-        self.is_static = not is_template_string(template)\n+        self.is_static = None"
template.py,201,T1: value-template rendering/interpreting,resultados_mutmut/template/boofuzz/seed_1/mutant_diffs/mutant_201.diff,"--- ha_source/homeassistant/helpers/template.py\n+++ ha_source/homeassistant/helpers/template.py\n@@ -504,7 +504,7 @@\n-        self._exc_info: sys._OptExcInfo | None = None\n+        self._exc_info: sys._OptExcInfo & None = None"
template.py,202,T1: value-template rendering/interpreting,resultados_mutmut/template/boofuzz/seed_1/mutant_diffs/mutant_202.diff,"--- ha_source/homeassistant/helpers/template.py\n+++ ha_source/homeassistant/helpers/template.py\n@@ -504,7 +504,7 @@\n-        self._exc_info: sys._OptExcInfo | None = None\n+        self._exc_info: sys._OptExcInfo | None = """""
template.py,205,T1: value-template rendering/interpreting,resultados_mutmut/template/boofuzz/seed_1/mutant_diffs/mutant_205.diff,"--- ha_source/homeassistant/helpers/template.py\n+++ ha_source/homeassistant/helpers/template.py\n@@ -506,7 +506,7 @@\n-        self._strict: bool | None = None\n+        self._strict: bool & None = None"
template.py,207,T1: value-template rendering/interpreting,resultados_mutmut/template/boofuzz/seed_1/mutant_diffs/mutant_207.diff,"--- ha_source/homeassistant/helpers/template.py\n+++ ha_source/homeassistant/helpers/template.py\n@@ -507,7 +507,7 @@\n-        self._log_fn: Callable[[int, str], None] | None = None\n+        self._log_fn: Callable[[int, str], None] & None = None"
template.py,209,T1: value-template rendering/interpreting,resultados_mutmut/template/boofuzz/seed_1/mutant_diffs/mutant_209.diff,"--- ha_source/homeassistant/helpers/template.py\n+++ ha_source/homeassistant/helpers/template.py\n@@ -508,7 +508,7 @@\n-        self._hash_cache: int = hash(self.template)\n+        self._hash_cache: int = None"
template.py,210,T1: value-template rendering/interpreting,resultados_mutmut/template/boofuzz/seed_1/mutant_diffs/mutant_210.diff,"--- ha_source/homeassistant/helpers/template.py\n+++ ha_source/homeassistant/helpers/template.py\n@@ -509,7 +509,7 @@\n-        self._renders: int = 0\n+        self._renders: int = 1"
template.py,225,T1: value-template rendering/interpreting,resultados_mutmut/template/boofuzz/seed_1/mutant_diffs/mutant_225.diff,"--- ha_source/homeassistant/helpers/template.py\n+++ ha_source/homeassistant/helpers/template.py\n@@ -551,7 +551,7 @@\n-        parse_result: bool = True,\n+        parse_result: bool = False,"
template.py,226,T1: value-template rendering/interpreting,resultados_mutmut/template/boofuzz/seed_1/mutant_diffs/mutant_226.diff,"--- ha_source/homeassistant/helpers/template.py\n+++ ha_source/homeassistant/helpers/template.py\n@@ -552,7 +552,7 @@\n-        limited: bool = False,\n+        limited: bool = True,"
template.py,227,T1: value-template rendering/interpreting,resultados_mutmut/template/boofuzz/seed_1/mutant_diffs/mutant_227.diff,"--- ha_source/homeassistant/helpers/template.py\n+++ ha_source/homeassistant/helpers/template.py\n@@ -561,7 +561,7 @@\n-            if not parse_result or self.hass and self.hass.config.legacy_templates:\n+            if  parse_result or self.hass and self.hass.config.legacy_templates:"
template.py,228,T1: value-template rendering/interpreting,resultados_mutmut/template/boofuzz/seed_1/mutant_diffs/mutant_228.diff,"--- ha_source/homeassistant/helpers/template.py\n+++ ha_source/homeassistant/helpers/template.py\n@@ -561,7 +561,7 @@\n-            if not parse_result or self.hass and self.hass.config.legacy_templates:\n+            if not parse_result or self.hass or self.hass.config.legacy_templates:"
template.py,229,T1: value-template rendering/interpreting,resultados_mutmut/template/boofuzz/seed_1/mutant_diffs/mutant_229.diff,"--- ha_source/homeassistant/helpers/template.py\n+++ ha_source/homeassistant/helpers/template.py\n@@ -561,7 +561,7 @@\n-            if not parse_result or self.hass and self.hass.config.legacy_templates:\n+            if not parse_result and self.hass and self.hass.config.legacy_templates:"
template.py,230,T1: value-template rendering/interpreting,resultados_mutmut/template/boofuzz/seed_1/mutant_diffs/mutant_230.diff,"--- ha_source/homeassistant/helpers/template.py\n+++ ha_source/homeassistant/helpers/template.py\n@@ -564,7 +564,7 @@\n-        assert self.hass is not None, ""hass variable not set on template""\n+        assert self.hass is  None, ""hass variable not set on template"""
template.py,232,T1: value-template rendering/interpreting,resultados_mutmut/template/boofuzz/seed_1/mutant_diffs/mutant_232.diff,"--- ha_source/homeassistant/helpers/template.py\n+++ ha_source/homeassistant/helpers/template.py\n@@ -570,7 +570,6 @@\n-    @callback"
template.py,233,T1: value-template rendering/interpreting,resultados_mutmut/template/boofuzz/seed_1/mutant_diffs/mutant_233.diff,"--- ha_source/homeassistant/helpers/template.py\n+++ ha_source/homeassistant/helpers/template.py\n@@ -574,7 +574,7 @@\n-        parse_result: bool = True,\n+        parse_result: bool = False,"
template.py,234,T1: value-template rendering/interpreting,resultados_mutmut/template/boofuzz/seed_1/mutant_diffs/mutant_234.diff,"--- ha_source/homeassistant/helpers/template.py\n+++ ha_source/homeassistant/helpers/template.py\n@@ -575,7 +575,7 @@\n-        limited: bool = False,\n+        limited: bool = True,"
template.py,235,T1: value-template rendering/interpreting,resultados_mutmut/template/boofuzz/seed_1/mutant_diffs/mutant_235.diff,"--- ha_source/homeassistant/helpers/template.py\n+++ ha_source/homeassistant/helpers/template.py\n@@ -576,7 +576,7 @@\n-        strict: bool = False,\n+        strict: bool = True,"
template.py,236,T1: value-template rendering/interpreting,resultados_mutmut/template/boofuzz/seed_1/mutant_diffs/mutant_236.diff,"--- ha_source/homeassistant/helpers/template.py\n+++ ha_source/homeassistant/helpers/template.py\n@@ -587,7 +587,7 @@\n-        self._renders += 1\n+        self._renders = 1"
template.py,237,T1: value-template rendering/interpreting,resultados_mutmut/template/boofuzz/seed_1/mutant_diffs/mutant_237.diff,"--- ha_source/homeassistant/helpers/template.py\n+++ ha_source/homeassistant/helpers/template.py\n@@ -587,7 +587,7 @@\n-        self._renders += 1\n+        self._renders -= 1"
template.py,238,T1: value-template rendering/interpreting,resultados_mutmut/template/boofuzz/seed_1/mutant_diffs/mutant_238.diff,"--- ha_source/homeassistant/helpers/template.py\n+++ ha_source/homeassistant/helpers/template.py\n@@ -587,7 +587,7 @@\n-        self._renders += 1\n+        self._renders += 2"
template.py,239,T1: value-template rendering/interpreting,resultados_mutmut/template/boofuzz/seed_1/mutant_diffs/mutant_239.diff,"--- ha_source/homeassistant/helpers/template.py\n+++ ha_source/homeassistant/helpers/template.py\n@@ -590,7 +590,7 @@\n-            if not parse_result or self.hass and self.hass.config.legacy_templates:\n+            if  parse_result or self.hass and self.hass.config.legacy_templates:"
template.py,240,T1: value-template rendering/interpreting,resultados_mutmut/template/boofuzz/seed_1/mutant_diffs/mutant_240.diff,"--- ha_source/homeassistant/helpers/template.py\n+++ ha_source/homeassistant/helpers/template.py\n@@ -590,7 +590,7 @@\n-            if not parse_result or self.hass and self.hass.config.legacy_templates:\n+            if not parse_result or self.hass or self.hass.config.legacy_templates:"
template.py,241,T1: value-template rendering/interpreting,resultados_mutmut/template/boofuzz/seed_1/mutant_diffs/mutant_241.diff,"--- ha_source/homeassistant/helpers/template.py\n+++ ha_source/homeassistant/helpers/template.py\n@@ -590,7 +590,7 @@\n-            if not parse_result or self.hass and self.hass.config.legacy_templates:\n+            if not parse_result and self.hass and self.hass.config.legacy_templates:"
template.py,242,T1: value-template rendering/interpreting,resultados_mutmut/template/boofuzz/seed_1/mutant_diffs/mutant_242.diff,"--- ha_source/homeassistant/helpers/template.py\n+++ ha_source/homeassistant/helpers/template.py\n@@ -594,7 +594,7 @@\n-        compiled = self._compiled or self._ensure_compiled(limited, strict, log_fn)\n+        compiled = self._compiled and self._ensure_compiled(limited, strict, log_fn)"
template.py,243,T1: value-template rendering/interpreting,resultados_mutmut/template/boofuzz/seed_1/mutant_diffs/mutant_243.diff,"--- ha_source/homeassistant/helpers/template.py\n+++ ha_source/homeassistant/helpers/template.py\n@@ -594,7 +594,7 @@\n-        compiled = self._compiled or self._ensure_compiled(limited, strict, log_fn)\n+        compiled = None"
template.py,244,T1: value-template rendering/interpreting,resultados_mutmut/template/boofuzz/seed_1/mutant_diffs/mutant_244.diff,"--- ha_source/homeassistant/helpers/template.py\n+++ ha_source/homeassistant/helpers/template.py\n@@ -596,7 +596,7 @@\n-        if variables is not None:\n+        if variables is  None:"
template.py,245,T1: value-template rendering/interpreting,resultados_mutmut/template/boofuzz/seed_1/mutant_diffs/mutant_245.diff,"--- ha_source/homeassistant/helpers/template.py\n+++ ha_source/homeassistant/helpers/template.py\n@@ -600,7 +600,7 @@\n-            render_result = _render_with_context(self.template, compiled, **kwargs)\n+            render_result = None"
template.py,246,T1: value-template rendering/interpreting,resultados_mutmut/template/boofuzz/seed_1/mutant_diffs/mutant_246.diff,"--- ha_source/homeassistant/helpers/template.py\n+++ ha_source/homeassistant/helpers/template.py\n@@ -604,7 +604,7 @@\n-        render_result = render_result.strip()\n+        render_result = None"
template.py,247,T1: value-template rendering/interpreting,resultados_mutmut/template/boofuzz/seed_1/mutant_diffs/mutant_247.diff,"--- ha_source/homeassistant/helpers/template.py\n+++ ha_source/homeassistant/helpers/template.py\n@@ -606,7 +606,7 @@\n-        if not parse_result or self.hass and self.hass.config.legacy_templates:\n+        if  parse_result or self.hass and self.hass.config.legacy_templates:"
template.py,248,T1: value-template rendering/interpreting,resultados_mutmut/template/boofuzz/seed_1/mutant_diffs/mutant_248.diff,"--- ha_source/homeassistant/helpers/template.py\n+++ ha_source/homeassistant/helpers/template.py\n@@ -606,7 +606,7 @@\n-        if not parse_result or self.hass and self.hass.config.legacy_templates:\n+        if not parse_result or self.hass or self.hass.config.legacy_templates:"
template.py,249,T1: value-template rendering/interpreting,resultados_mutmut/template/boofuzz/seed_1/mutant_diffs/mutant_249.diff,"--- ha_source/homeassistant/helpers/template.py\n+++ ha_source/homeassistant/helpers/template.py\n@@ -606,7 +606,7 @@\n-        if not parse_result or self.hass and self.hass.config.legacy_templates:\n+        if not parse_result and self.hass and self.hass.config.legacy_templates:"
template.py,250,T1: value-template rendering/interpreting,resultados_mutmut/template/boofuzz/seed_1/mutant_diffs/mutant_250.diff,"--- ha_source/homeassistant/helpers/template.py\n+++ ha_source/homeassistant/helpers/template.py\n@@ -624,7 +624,7 @@\n-        strict: bool = False,\n+        strict: bool = True,"
template.py,251,T1: value-template rendering/interpreting,resultados_mutmut/template/boofuzz/seed_1/mutant_diffs/mutant_251.diff,"--- ha_source/homeassistant/helpers/template.py\n+++ ha_source/homeassistant/helpers/template.py\n@@ -641,7 +641,7 @@\n-        self._renders += 1\n+        self._renders = 1"
template.py,252,T1: value-template rendering/interpreting,resultados_mutmut/template/boofuzz/seed_1/mutant_diffs/mutant_252.diff,"--- ha_source/homeassistant/helpers/template.py\n+++ ha_source/homeassistant/helpers/template.py\n@@ -641,7 +641,7 @@\n-        self._renders += 1\n+        self._renders -= 1"
template.py,253,T1: value-template rendering/interpreting,resultados_mutmut/template/boofuzz/seed_1/mutant_diffs/mutant_253.diff,"--- ha_source/homeassistant/helpers/template.py\n+++ ha_source/homeassistant/helpers/template.py\n@@ -641,7 +641,7 @@\n-        self._renders += 1\n+        self._renders += 2"
template.py,254,T1: value-template rendering/interpreting,resultados_mutmut/template/boofuzz/seed_1/mutant_diffs/mutant_254.diff,"--- ha_source/homeassistant/helpers/template.py\n+++ ha_source/homeassistant/helpers/template.py\n@@ -644,7 +644,7 @@\n-            return False\n+            return True"
template.py,255,T1: value-template rendering/interpreting,resultados_mutmut/template/boofuzz/seed_1/mutant_diffs/mutant_255.diff,"--- ha_source/homeassistant/helpers/template.py\n+++ ha_source/homeassistant/helpers/template.py\n@@ -646,7 +646,7 @@\n-        compiled = self._compiled or self._ensure_compiled(strict=strict, log_fn=log_fn)\n+        compiled = self._compiled and self._ensure_compiled(strict=strict, log_fn=log_fn)"
template.py,256,T1: value-template rendering/interpreting,resultados_mutmut/template/boofuzz/seed_1/mutant_diffs/mutant_256.diff,"--- ha_source/homeassistant/helpers/template.py\n+++ ha_source/homeassistant/helpers/template.py\n@@ -646,7 +646,7 @@\n-        compiled = self._compiled or self._ensure_compiled(strict=strict, log_fn=log_fn)\n+        compiled = None"
template.py,257,T1: value-template rendering/interpreting,resultados_mutmut/template/boofuzz/seed_1/mutant_diffs/mutant_257.diff,"--- ha_source/homeassistant/helpers/template.py\n+++ ha_source/homeassistant/helpers/template.py\n@@ -648,7 +648,7 @@\n-        if variables is not None:\n+        if variables is  None:"
template.py,258,T1: value-template rendering/interpreting,resultados_mutmut/template/boofuzz/seed_1/mutant_diffs/mutant_258.diff,"--- ha_source/homeassistant/helpers/template.py\n+++ ha_source/homeassistant/helpers/template.py\n@@ -651,7 +651,7 @@\n-        self._exc_info = None\n+        self._exc_info = """""
template.py,259,T1: value-template rendering/interpreting,resultados_mutmut/template/boofuzz/seed_1/mutant_diffs/mutant_259.diff,"--- ha_source/homeassistant/helpers/template.py\n+++ ha_source/homeassistant/helpers/template.py\n@@ -652,7 +652,7 @@\n-        finish_event = asyncio.Event()\n+        finish_event = None"
template.py,260,T1: value-template rendering/interpreting,resultados_mutmut/template/boofuzz/seed_1/mutant_diffs/mutant_260.diff,"--- ha_source/homeassistant/helpers/template.py\n+++ ha_source/homeassistant/helpers/template.py\n@@ -655,7 +655,7 @@\n-            assert self.hass is not None, ""hass variable not set on template""\n+            assert self.hass is  None, ""hass variable not set on template"""
template.py,263,T1: value-template rendering/interpreting,resultados_mutmut/template/boofuzz/seed_1/mutant_diffs/mutant_263.diff,"--- ha_source/homeassistant/helpers/template.py\n+++ ha_source/homeassistant/helpers/template.py\n@@ -666,7 +666,7 @@\n-            template_render_thread = ThreadWithException(target=_render_template)\n+            template_render_thread = None"
template.py,264,T1: value-template rendering/interpreting,resultados_mutmut/template/boofuzz/seed_1/mutant_diffs/mutant_264.diff,"--- ha_source/homeassistant/helpers/template.py\n+++ ha_source/homeassistant/helpers/template.py\n@@ -671,7 +671,7 @@\n-                raise TemplateError(self._exc_info[1].with_traceback(self._exc_info[2]))\n+                raise TemplateError(self._exc_info[2].with_traceback(self._exc_info[2]))"
template.py,265,T1: value-template rendering/interpreting,resultados_mutmut/template/boofuzz/seed_1/mutant_diffs/mutant_265.diff,"--- ha_source/homeassistant/helpers/template.py\n+++ ha_source/homeassistant/helpers/template.py\n@@ -671,7 +671,7 @@\n-                raise TemplateError(self._exc_info[1].with_traceback(self._exc_info[2]))\n+                raise TemplateError(self._exc_info[1].with_traceback(self._exc_info[3]))"
template.py,266,T1: value-template rendering/interpreting,resultados_mutmut/template/boofuzz/seed_1/mutant_diffs/mutant_266.diff,"--- ha_source/homeassistant/helpers/template.py\n+++ ha_source/homeassistant/helpers/template.py\n@@ -674,7 +674,7 @@\n-            return True\n+            return False"
template.py,267,T1: value-template rendering/interpreting,resultados_mutmut/template/boofuzz/seed_1/mutant_diffs/mutant_267.diff,"--- ha_source/homeassistant/helpers/template.py\n+++ ha_source/homeassistant/helpers/template.py\n@@ -678,7 +678,7 @@\n-        return False\n+        return True"
template.py,268,T1: value-template rendering/interpreting,resultados_mutmut/template/boofuzz/seed_1/mutant_diffs/mutant_268.diff,"--- ha_source/homeassistant/helpers/template.py\n+++ ha_source/homeassistant/helpers/template.py\n@@ -680,7 +680,6 @@\n-    @callback"
template.py,269,T1: value-template rendering/interpreting,resultados_mutmut/template/boofuzz/seed_1/mutant_diffs/mutant_269.diff,"--- ha_source/homeassistant/helpers/template.py\n+++ ha_source/homeassistant/helpers/template.py\n@@ -684,7 +684,7 @@\n-        strict: bool = False,\n+        strict: bool = True,"
template.py,270,T1: value-template rendering/interpreting,resultados_mutmut/template/boofuzz/seed_1/mutant_diffs/mutant_270.diff,"--- ha_source/homeassistant/helpers/template.py\n+++ ha_source/homeassistant/helpers/template.py\n@@ -689,7 +689,7 @@\n-        if self.hass and self.hass.config.debug:\n+        if self.hass or self.hass.config.debug:"
template.py,272,T1: value-template rendering/interpreting,resultados_mutmut/template/boofuzz/seed_1/mutant_diffs/mutant_272.diff,"--- ha_source/homeassistant/helpers/template.py\n+++ ha_source/homeassistant/helpers/template.py\n@@ -691,7 +691,7 @@\n-        self._renders += 1\n+        self._renders = 1"
template.py,273,T1: value-template rendering/interpreting,resultados_mutmut/template/boofuzz/seed_1/mutant_diffs/mutant_273.diff,"--- ha_source/homeassistant/helpers/template.py\n+++ ha_source/homeassistant/helpers/template.py\n@@ -691,7 +691,7 @@\n-        self._renders += 1\n+        self._renders -= 1"
template.py,274,T1: value-template rendering/interpreting,resultados_mutmut/template/boofuzz/seed_1/mutant_diffs/mutant_274.diff,"--- ha_source/homeassistant/helpers/template.py\n+++ ha_source/homeassistant/helpers/template.py\n@@ -691,7 +691,7 @@\n-        self._renders += 1\n+        self._renders += 2"
template.py,275,T1: value-template rendering/interpreting,resultados_mutmut/template/boofuzz/seed_1/mutant_diffs/mutant_275.diff,"--- ha_source/homeassistant/helpers/template.py\n+++ ha_source/homeassistant/helpers/template.py\n@@ -693,7 +693,7 @@\n-        render_info = RenderInfo(self)\n+        render_info = None"
template.py,276,T1: value-template rendering/interpreting,resultados_mutmut/template/boofuzz/seed_1/mutant_diffs/mutant_276.diff,"--- ha_source/homeassistant/helpers/template.py\n+++ ha_source/homeassistant/helpers/template.py\n@@ -695,7 +695,7 @@\n-        if not self.hass:\n+        if  self.hass:"
template.py,278,T1: value-template rendering/interpreting,resultados_mutmut/template/boofuzz/seed_1/mutant_diffs/mutant_278.diff,"--- ha_source/homeassistant/helpers/template.py\n+++ ha_source/homeassistant/helpers/template.py\n@@ -698,7 +698,7 @@\n-        if _render_info.get() is not None:\n+        if _render_info.get() is  None:"
template.py,282,T1: value-template rendering/interpreting,resultados_mutmut/template/boofuzz/seed_1/mutant_diffs/mutant_282.diff,"--- ha_source/homeassistant/helpers/template.py\n+++ ha_source/homeassistant/helpers/template.py\n@@ -706,7 +706,7 @@\n-            render_info._result = self.template.strip()  # noqa: SLF001\n+            render_info._result = None  # noqa: SLF001"
template.py,283,T1: value-template rendering/interpreting,resultados_mutmut/template/boofuzz/seed_1/mutant_diffs/mutant_283.diff,"--- ha_source/homeassistant/helpers/template.py\n+++ ha_source/homeassistant/helpers/template.py\n@@ -710,7 +710,7 @@\n-        token = _render_info.set(render_info)\n+        token = None"
template.py,284,T1: value-template rendering/interpreting,resultados_mutmut/template/boofuzz/seed_1/mutant_diffs/mutant_284.diff,"--- ha_source/homeassistant/helpers/template.py\n+++ ha_source/homeassistant/helpers/template.py\n@@ -712,9 +712,7 @@\n-            render_info._result = self.async_render(  # noqa: SLF001\n-                variables, strict=strict, log_fn=log_fn, **kwargs\n-            )\n+            render_info._result = None"
template.py,285,T1: value-template rendering/interpreting,resultados_mutmut/template/boofuzz/seed_1/mutant_diffs/mutant_285.diff,"--- ha_source/homeassistant/helpers/template.py\n+++ ha_source/homeassistant/helpers/template.py\n@@ -716,7 +716,7 @@\n-            render_info.exception = ex\n+            render_info.exception = None"
template.py,286,T1: value-template rendering/interpreting,resultados_mutmut/template/boofuzz/seed_1/mutant_diffs/mutant_286.diff,"--- ha_source/homeassistant/helpers/template.py\n+++ ha_source/homeassistant/helpers/template.py\n@@ -738,7 +738,6 @@\n-    @callback"
template.py,288,T1: value-template rendering/interpreting,resultados_mutmut/template/boofuzz/seed_1/mutant_diffs/mutant_288.diff,"--- ha_source/homeassistant/helpers/template.py\n+++ ha_source/homeassistant/helpers/template.py\n@@ -752,7 +752,7 @@\n-        self._renders += 1\n+        self._renders = 1"
template.py,289,T1: value-template rendering/interpreting,resultados_mutmut/template/boofuzz/seed_1/mutant_diffs/mutant_289.diff,"--- ha_source/homeassistant/helpers/template.py\n+++ ha_source/homeassistant/helpers/template.py\n@@ -752,7 +752,7 @@\n-        self._renders += 1\n+        self._renders -= 1"
template.py,290,T1: value-template rendering/interpreting,resultados_mutmut/template/boofuzz/seed_1/mutant_diffs/mutant_290.diff,"--- ha_source/homeassistant/helpers/template.py\n+++ ha_source/homeassistant/helpers/template.py\n@@ -752,7 +752,7 @@\n-        self._renders += 1\n+        self._renders += 2"
template.py,293,T1: value-template rendering/interpreting,resultados_mutmut/template/boofuzz/seed_1/mutant_diffs/mutant_293.diff,"--- ha_source/homeassistant/helpers/template.py\n+++ ha_source/homeassistant/helpers/template.py\n@@ -759,7 +759,7 @@\n-        variables = dict(variables or {})\n+        variables = dict(variables and {})"
template.py,296,T1: value-template rendering/interpreting,resultados_mutmut/template/boofuzz/seed_1/mutant_diffs/mutant_296.diff,"--- ha_source/homeassistant/helpers/template.py\n+++ ha_source/homeassistant/helpers/template.py\n@@ -760,7 +760,7 @@\n-        variables[""value""] = value\n+        variables[""value""] = None"
template.py,300,T1: value-template rendering/interpreting,resultados_mutmut/template/boofuzz/seed_1/mutant_diffs/mutant_300.diff,"--- ha_source/homeassistant/helpers/template.py\n+++ ha_source/homeassistant/helpers/template.py\n@@ -772,7 +772,7 @@\n-            if error_value is _SENTINEL:\n+            if error_value is not _SENTINEL:"
template.py,302,T1: value-template rendering/interpreting,resultados_mutmut/template/boofuzz/seed_1/mutant_diffs/mutant_302.diff,"--- ha_source/homeassistant/helpers/template.py\n+++ ha_source/homeassistant/helpers/template.py\n@@ -779,7 +779,7 @@\n-            return value if error_value is _SENTINEL else error_value\n+            return value if error_value is not _SENTINEL else error_value"
template.py,304,T1: value-template rendering/interpreting,resultados_mutmut/template/boofuzz/seed_1/mutant_diffs/mutant_304.diff,"--- ha_source/homeassistant/helpers/template.py\n+++ ha_source/homeassistant/helpers/template.py\n@@ -781,7 +781,7 @@\n-        if not parse_result or self.hass and self.hass.config.legacy_templates:\n+        if not parse_result or self.hass or self.hass.config.legacy_templates:"
template.py,306,T1: value-template rendering/interpreting,resultados_mutmut/template/boofuzz/seed_1/mutant_diffs/mutant_306.diff,"--- ha_source/homeassistant/helpers/template.py\n+++ ha_source/homeassistant/helpers/template.py\n@@ -788,7 +788,7 @@\n-        limited: bool = False,\n+        limited: bool = True,"
template.py,307,T1: value-template rendering/interpreting,resultados_mutmut/template/boofuzz/seed_1/mutant_diffs/mutant_307.diff,"--- ha_source/homeassistant/helpers/template.py\n+++ ha_source/homeassistant/helpers/template.py\n@@ -789,7 +789,7 @@\n-        strict: bool = False,\n+        strict: bool = True,"
template.py,329,T1: value-template rendering/interpreting,resultados_mutmut/template/boofuzz/seed_1/mutant_diffs/mutant_329.diff,"--- ha_source/homeassistant/helpers/template.py\n+++ ha_source/homeassistant/helpers/template.py\n@@ -810,7 +810,7 @@\n-        self._log_fn = log_fn\n+        self._log_fn = None"
template.py,337,T1: value-template rendering/interpreting,resultados_mutmut/template/boofuzz/seed_1/mutant_diffs/mutant_337.diff,"--- ha_source/homeassistant/helpers/template.py\n+++ ha_source/homeassistant/helpers/template.py\n@@ -835,8 +835,6 @@\n-\n-@cache"
template.py,347,T1: value-template rendering/interpreting,resultados_mutmut/template/boofuzz/seed_1/mutant_diffs/mutant_347.diff,"--- ha_source/homeassistant/helpers/template.py\n+++ ha_source/homeassistant/helpers/template.py\n@@ -865,7 +865,7 @@\n-        if not valid_domain(name):\n+        if  valid_domain(name):"
template.py,349,T1: value-template rendering/interpreting,resultados_mutmut/template/boofuzz/seed_1/mutant_diffs/mutant_349.diff,"--- ha_source/homeassistant/helpers/template.py\n+++ ha_source/homeassistant/helpers/template.py\n@@ -872,7 +872,7 @@\n-    __getitem__ = __getattr__\n+    __getitem__ = None"
template.py,350,T1: value-template rendering/interpreting,resultados_mutmut/template/boofuzz/seed_1/mutant_diffs/mutant_350.diff,"--- ha_source/homeassistant/helpers/template.py\n+++ ha_source/homeassistant/helpers/template.py\n@@ -875,7 +875,7 @@\n-        if (render_info := _render_info.get()) is not None:\n+        if (render_info := _render_info.get()) is  None:"
template.py,351,T1: value-template rendering/interpreting,resultados_mutmut/template/boofuzz/seed_1/mutant_diffs/mutant_351.diff,"--- ha_source/homeassistant/helpers/template.py\n+++ ha_source/homeassistant/helpers/template.py\n@@ -876,7 +876,7 @@\n-            render_info.all_states = True\n+            render_info.all_states = False"
template.py,352,T1: value-template rendering/interpreting,resultados_mutmut/template/boofuzz/seed_1/mutant_diffs/mutant_352.diff,"--- ha_source/homeassistant/helpers/template.py\n+++ ha_source/homeassistant/helpers/template.py\n@@ -876,7 +876,7 @@\n-            render_info.all_states = True\n+            render_info.all_states = None"
template.py,353,T1: value-template rendering/interpreting,resultados_mutmut/template/boofuzz/seed_1/mutant_diffs/mutant_353.diff,"--- ha_source/homeassistant/helpers/template.py\n+++ ha_source/homeassistant/helpers/template.py\n@@ -879,7 +879,7 @@\n-        if (render_info := _render_info.get()) is not None:\n+        if (render_info := _render_info.get()) is  None:"
template.py,354,T1: value-template rendering/interpreting,resultados_mutmut/template/boofuzz/seed_1/mutant_diffs/mutant_354.diff,"--- ha_source/homeassistant/helpers/template.py\n+++ ha_source/homeassistant/helpers/template.py\n@@ -880,7 +880,7 @@\n-            render_info.all_states_lifecycle = True\n+            render_info.all_states_lifecycle = False"
template.py,355,T1: value-template rendering/interpreting,resultados_mutmut/template/boofuzz/seed_1/mutant_diffs/mutant_355.diff,"--- ha_source/homeassistant/helpers/template.py\n+++ ha_source/homeassistant/helpers/template.py\n@@ -880,7 +880,7 @@\n-            render_info.all_states_lifecycle = True\n+            render_info.all_states_lifecycle = None"
template.py,365,T1: value-template rendering/interpreting,resultados_mutmut/template/boofuzz/seed_1/mutant_diffs/mutant_365.diff,"--- ha_source/homeassistant/helpers/template.py\n+++ ha_source/homeassistant/helpers/template.py\n@@ -924,7 +924,7 @@\n-        if state is None:\n+        if state is not None:"
template.py,366,T1: value-template rendering/interpreting,resultados_mutmut/template/boofuzz/seed_1/mutant_diffs/mutant_366.diff,"--- ha_source/homeassistant/helpers/template.py\n+++ ha_source/homeassistant/helpers/template.py\n@@ -927,7 +927,7 @@\n-        state_value = state.state\n+        state_value = None"
template.py,367,T1: value-template rendering/interpreting,resultados_mutmut/template/boofuzz/seed_1/mutant_diffs/mutant_367.diff,"--- ha_source/homeassistant/helpers/template.py\n+++ ha_source/homeassistant/helpers/template.py\n@@ -928,7 +928,7 @@\n-        domain = state.domain\n+        domain = None"
template.py,369,T1: value-template rendering/interpreting,resultados_mutmut/template/boofuzz/seed_1/mutant_diffs/mutant_369.diff,"--- ha_source/homeassistant/helpers/template.py\n+++ ha_source/homeassistant/helpers/template.py\n@@ -929,7 +929,7 @@\n-        device_class = state.attributes.get(""device_class"")\n+        device_class = None"
template.py,370,T1: value-template rendering/interpreting,resultados_mutmut/template/boofuzz/seed_1/mutant_diffs/mutant_370.diff,"--- ha_source/homeassistant/helpers/template.py\n+++ ha_source/homeassistant/helpers/template.py\n@@ -930,7 +930,7 @@\n-        entry = entity_registry.async_get(self._hass).async_get(entity_id)\n+        entry = None"
template.py,373,T1: value-template rendering/interpreting,resultados_mutmut/template/boofuzz/seed_1/mutant_diffs/mutant_373.diff,"--- ha_source/homeassistant/helpers/template.py\n+++ ha_source/homeassistant/helpers/template.py\n@@ -932,7 +932,7 @@\n-        translation_key = None if entry is None else entry.translation_key\n+        translation_key = None if entry is not None else entry.translation_key"
template.py,374,T1: value-template rendering/interpreting,resultados_mutmut/template/boofuzz/seed_1/mutant_diffs/mutant_374.diff,"--- ha_source/homeassistant/helpers/template.py\n+++ ha_source/homeassistant/helpers/template.py\n@@ -932,7 +932,7 @@\n-        translation_key = None if entry is None else entry.translation_key\n+        translation_key = None"
template.py,384,T1: value-template rendering/interpreting,resultados_mutmut/template/boofuzz/seed_1/mutant_diffs/mutant_384.diff,"--- ha_source/homeassistant/helpers/template.py\n+++ ha_source/homeassistant/helpers/template.py\n@@ -962,7 +962,7 @@\n-    __getitem__ = __getattr__\n+    __getitem__ = None"
template.py,385,T1: value-template rendering/interpreting,resultados_mutmut/template/boofuzz/seed_1/mutant_diffs/mutant_385.diff,"--- ha_source/homeassistant/helpers/template.py\n+++ ha_source/homeassistant/helpers/template.py\n@@ -965,7 +965,7 @@\n-        if (entity_collect := _render_info.get()) is not None:\n+        if (entity_collect := _render_info.get()) is  None:"
template.py,386,T1: value-template rendering/interpreting,resultados_mutmut/template/boofuzz/seed_1/mutant_diffs/mutant_386.diff,"--- ha_source/homeassistant/helpers/template.py\n+++ ha_source/homeassistant/helpers/template.py\n@@ -969,7 +969,7 @@\n-        if (entity_collect := _render_info.get()) is not None:\n+        if (entity_collect := _render_info.get()) is  None:"
template.py,392,T1: value-template rendering/interpreting,resultados_mutmut/template/boofuzz/seed_1/mutant_diffs/mutant_392.diff,"--- ha_source/homeassistant/helpers/template.py\n+++ ha_source/homeassistant/helpers/template.py\n@@ -1001,7 +1001,7 @@\n-        self._entity_id = entity_id\n+        self._entity_id = None"
template.py,393,T1: value-template rendering/interpreting,resultados_mutmut/template/boofuzz/seed_1/mutant_diffs/mutant_393.diff,"--- ha_source/homeassistant/helpers/template.py\n+++ ha_source/homeassistant/helpers/template.py\n@@ -1004,7 +1004,7 @@\n-        if self._collect and (render_info := _render_info.get()):\n+        if self._collect or (render_info := _render_info.get()):"
template.py,394,T1: value-template rendering/interpreting,resultados_mutmut/template/boofuzz/seed_1/mutant_diffs/mutant_394.diff,"--- ha_source/homeassistant/helpers/template.py\n+++ ha_source/homeassistant/helpers/template.py\n@@ -1011,7 +1011,7 @@\n-        if item in _COLLECTABLE_STATE_ATTRIBUTES:\n+        if item not in _COLLECTABLE_STATE_ATTRIBUTES:"
template.py,395,T1: value-template rendering/interpreting,resultados_mutmut/template/boofuzz/seed_1/mutant_diffs/mutant_395.diff,"--- ha_source/homeassistant/helpers/template.py\n+++ ha_source/homeassistant/helpers/template.py\n@@ -1013,7 +1013,7 @@\n-            if self._collect and (render_info := _render_info.get()):\n+            if self._collect or (render_info := _render_info.get()):"
template.py,396,T1: value-template rendering/interpreting,resultados_mutmut/template/boofuzz/seed_1/mutant_diffs/mutant_396.diff,"--- ha_source/homeassistant/helpers/template.py\n+++ ha_source/homeassistant/helpers/template.py\n@@ -1016,7 +1016,7 @@\n-        if item == ""entity_id"":\n+        if item != ""entity_id"":"
template.py,432,T1: value-template rendering/interpreting,resultados_mutmut/template/boofuzz/seed_1/mutant_diffs/mutant_432.diff,"--- ha_source/homeassistant/helpers/template.py\n+++ ha_source/homeassistant/helpers/template.py\n@@ -1154,7 +1154,7 @@\n-    if (entity_collect := _render_info.get()) is not None:\n+    if (entity_collect := _render_info.get()) is  None:"
template.py,434,T1: value-template rendering/interpreting,resultados_mutmut/template/boofuzz/seed_1/mutant_diffs/mutant_434.diff,"--- ha_source/homeassistant/helpers/template.py\n+++ ha_source/homeassistant/helpers/template.py\n@@ -1172,7 +1172,7 @@\n-    if domain is None:\n+    if domain is not None:"
template.py,435,T1: value-template rendering/interpreting,resultados_mutmut/template/boofuzz/seed_1/mutant_diffs/mutant_435.diff,"--- ha_source/homeassistant/helpers/template.py\n+++ ha_source/homeassistant/helpers/template.py\n@@ -1173,7 +1173,7 @@\n-        container = states._states.values()  # noqa: SLF001\n+        container = None  # noqa: SLF001"
template.py,436,T1: value-template rendering/interpreting,resultados_mutmut/template/boofuzz/seed_1/mutant_diffs/mutant_436.diff,"--- ha_source/homeassistant/helpers/template.py\n+++ ha_source/homeassistant/helpers/template.py\n@@ -1175,7 +1175,7 @@\n-        container = states.async_all(domain)\n+        container = None"
template.py,437,T1: value-template rendering/interpreting,resultados_mutmut/template/boofuzz/seed_1/mutant_diffs/mutant_437.diff,"--- ha_source/homeassistant/helpers/template.py\n+++ ha_source/homeassistant/helpers/template.py\n@@ -1181,7 +1181,7 @@\n-    state = hass.states.get(entity_id)\n+    state = None"
template.py,438,T1: value-template rendering/interpreting,resultados_mutmut/template/boofuzz/seed_1/mutant_diffs/mutant_438.diff,"--- ha_source/homeassistant/helpers/template.py\n+++ ha_source/homeassistant/helpers/template.py\n@@ -1182,7 +1182,7 @@\n-    if state is None and not valid_entity_id(entity_id):\n+    if state is not None and not valid_entity_id(entity_id):"
template.py,439,T1: value-template rendering/interpreting,resultados_mutmut/template/boofuzz/seed_1/mutant_diffs/mutant_439.diff,"--- ha_source/homeassistant/helpers/template.py\n+++ ha_source/homeassistant/helpers/template.py\n@@ -1182,7 +1182,7 @@\n-    if state is None and not valid_entity_id(entity_id):\n+    if state is None and  valid_entity_id(entity_id):"
template.py,440,T1: value-template rendering/interpreting,resultados_mutmut/template/boofuzz/seed_1/mutant_diffs/mutant_440.diff,"--- ha_source/homeassistant/helpers/template.py\n+++ ha_source/homeassistant/helpers/template.py\n@@ -1182,7 +1182,7 @@\n-    if state is None and not valid_entity_id(entity_id):\n+    if state is None or not valid_entity_id(entity_id):"
template.py,443,T1: value-template rendering/interpreting,resultados_mutmut/template/boofuzz/seed_1/mutant_diffs/mutant_443.diff,"--- ha_source/homeassistant/helpers/template.py\n+++ ha_source/homeassistant/helpers/template.py\n@@ -1212,8 +1212,6 @@\n-\n-@overload"
template.py,444,T1: value-template rendering/interpreting,resultados_mutmut/template/boofuzz/seed_1/mutant_diffs/mutant_444.diff,"--- ha_source/homeassistant/helpers/template.py\n+++ ha_source/homeassistant/helpers/template.py\n@@ -1216,8 +1216,6 @@\n-\n-@overload"
template.py,445,T1: value-template rendering/interpreting,resultados_mutmut/template/boofuzz/seed_1/mutant_diffs/mutant_445.diff,"--- ha_source/homeassistant/helpers/template.py\n+++ ha_source/homeassistant/helpers/template.py\n@@ -1231,7 +1231,7 @@\n-        if default is _SENTINEL:\n+        if default is not _SENTINEL:"
template.py,447,T1: value-template rendering/interpreting,resultados_mutmut/template/boofuzz/seed_1/mutant_diffs/mutant_447.diff,"--- ha_source/homeassistant/helpers/template.py\n+++ ha_source/homeassistant/helpers/template.py\n@@ -1243,7 +1243,7 @@\n-    if template_result is None:\n+    if template_result is not None:"
template.py,448,T1: value-template rendering/interpreting,resultados_mutmut/template/boofuzz/seed_1/mutant_diffs/mutant_448.diff,"--- ha_source/homeassistant/helpers/template.py\n+++ ha_source/homeassistant/helpers/template.py\n@@ -1244,7 +1244,7 @@\n-        return False\n+        return True"
template.py,449,T1: value-template rendering/interpreting,resultados_mutmut/template/boofuzz/seed_1/mutant_diffs/mutant_449.diff,"--- ha_source/homeassistant/helpers/template.py\n+++ ha_source/homeassistant/helpers/template.py\n@@ -1246,7 +1246,7 @@\n-    return forgiving_boolean(template_result, default=False)\n+    return forgiving_boolean(template_result, default=True)"
template.py,478,T1: value-template rendering/interpreting,resultados_mutmut/template/boofuzz/seed_1/mutant_diffs/mutant_478.diff,"--- ha_source/homeassistant/helpers/template.py\n+++ ha_source/homeassistant/helpers/template.py\n@@ -1287,7 +1287,7 @@\n-            found[entity_id] = entity\n+            found[entity_id] = None"
template.py,497,T1: value-template rendering/interpreting,resultados_mutmut/template/boofuzz/seed_1/mutant_diffs/mutant_497.diff,"--- ha_source/homeassistant/helpers/template.py\n+++ ha_source/homeassistant/helpers/template.py\n@@ -1364,7 +1364,7 @@\n-    device_reg = device_registry.async_get(hass)\n+    device_reg = None"
template.py,498,T1: value-template rendering/interpreting,resultados_mutmut/template/boofuzz/seed_1/mutant_diffs/mutant_498.diff,"--- ha_source/homeassistant/helpers/template.py\n+++ ha_source/homeassistant/helpers/template.py\n@@ -1365,7 +1365,7 @@\n-    if not isinstance(device_or_entity_id, str):\n+    if  isinstance(device_or_entity_id, str):"
template.py,500,T1: value-template rendering/interpreting,resultados_mutmut/template/boofuzz/seed_1/mutant_diffs/mutant_500.diff,"--- ha_source/homeassistant/helpers/template.py\n+++ ha_source/homeassistant/helpers/template.py\n@@ -1367,7 +1367,7 @@\n-    device = None\n+    device = """""
template.py,502,T1: value-template rendering/interpreting,resultados_mutmut/template/boofuzz/seed_1/mutant_diffs/mutant_502.diff,"--- ha_source/homeassistant/helpers/template.py\n+++ ha_source/homeassistant/helpers/template.py\n@@ -1369,7 +1369,7 @@\n-        ""."" in device_or_entity_id\n+        ""."" not in device_or_entity_id"
template.py,504,T1: value-template rendering/interpreting,resultados_mutmut/template/boofuzz/seed_1/mutant_diffs/mutant_504.diff,"--- ha_source/homeassistant/helpers/template.py\n+++ ha_source/homeassistant/helpers/template.py\n@@ -1369,8 +1369,7 @@\n-        ""."" in device_or_entity_id\n-        and (_device_id := device_id(hass, device_or_entity_id)) is not None\n+        ""."" in device_or_entity_id or (_device_id := device_id(hass, device_or_entity_id)) is not None"
template.py,512,T1: value-template rendering/interpreting,resultados_mutmut/template/boofuzz/seed_1/mutant_diffs/mutant_512.diff,"--- ha_source/homeassistant/helpers/template.py\n+++ ha_source/homeassistant/helpers/template.py\n@@ -1384,7 +1384,7 @@\n-    return bool(device_attr(hass, device_or_entity_id, attr_name) == attr_value)\n+    return bool(device_attr(hass, device_or_entity_id, attr_name) != attr_value)"
template.py,514,T1: value-template rendering/interpreting,resultados_mutmut/template/boofuzz/seed_1/mutant_diffs/mutant_514.diff,"--- ha_source/homeassistant/helpers/template.py\n+++ ha_source/homeassistant/helpers/template.py\n@@ -1396,7 +1396,7 @@\n-    result = issue_registry.async_get(hass).async_get_issue(domain, issue_id)\n+    result = None"
template.py,516,T1: value-template rendering/interpreting,resultados_mutmut/template/boofuzz/seed_1/mutant_diffs/mutant_516.diff,"--- ha_source/homeassistant/helpers/template.py\n+++ ha_source/homeassistant/helpers/template.py\n@@ -1410,7 +1410,7 @@\n-    floor_registry = fr.async_get(hass)\n+    floor_registry = None"
template.py,517,T1: value-template rendering/interpreting,resultados_mutmut/template/boofuzz/seed_1/mutant_diffs/mutant_517.diff,"--- ha_source/homeassistant/helpers/template.py\n+++ ha_source/homeassistant/helpers/template.py\n@@ -1415,7 +1415,7 @@\n-        area_reg = area_registry.async_get(hass)\n+        area_reg = None"
template.py,518,T1: value-template rendering/interpreting,resultados_mutmut/template/boofuzz/seed_1/mutant_diffs/mutant_518.diff,"--- ha_source/homeassistant/helpers/template.py\n+++ ha_source/homeassistant/helpers/template.py\n@@ -1424,7 +1424,7 @@\n-    floor_registry = fr.async_get(hass)\n+    floor_registry = None"
template.py,519,T1: value-template rendering/interpreting,resultados_mutmut/template/boofuzz/seed_1/mutant_diffs/mutant_519.diff,"--- ha_source/homeassistant/helpers/template.py\n+++ ha_source/homeassistant/helpers/template.py\n@@ -1429,7 +1429,7 @@\n-        area_reg = area_registry.async_get(hass)\n+        area_reg = None"
template.py,520,T1: value-template rendering/interpreting,resultados_mutmut/template/boofuzz/seed_1/mutant_diffs/mutant_520.diff,"--- ha_source/homeassistant/helpers/template.py\n+++ ha_source/homeassistant/helpers/template.py\n@@ -1431,8 +1431,7 @@\n-            (area := area_reg.async_get_area(aid))\n-            and area.floor_id\n+            (area := area_reg.async_get_area(aid)) or area.floor_id"
template.py,521,T1: value-template rendering/interpreting,resultados_mutmut/template/boofuzz/seed_1/mutant_diffs/mutant_521.diff,"--- ha_source/homeassistant/helpers/template.py\n+++ ha_source/homeassistant/helpers/template.py\n@@ -1445,7 +1445,7 @@\n-    if floor_name(hass, floor_id_or_name) is not None:\n+    if floor_name(hass, floor_id_or_name) is  None:"
template.py,522,T1: value-template rendering/interpreting,resultados_mutmut/template/boofuzz/seed_1/mutant_diffs/mutant_522.diff,"--- ha_source/homeassistant/helpers/template.py\n+++ ha_source/homeassistant/helpers/template.py\n@@ -1446,7 +1446,7 @@\n-        _floor_id = floor_id_or_name\n+        _floor_id = None"
template.py,527,T1: value-template rendering/interpreting,resultados_mutmut/template/boofuzz/seed_1/mutant_diffs/mutant_527.diff,"--- ha_source/homeassistant/helpers/template.py\n+++ ha_source/homeassistant/helpers/template.py\n@@ -1464,7 +1464,7 @@\n-    area_reg = area_registry.async_get(hass)\n+    area_reg = None"
template.py,528,T1: value-template rendering/interpreting,resultados_mutmut/template/boofuzz/seed_1/mutant_diffs/mutant_528.diff,"--- ha_source/homeassistant/helpers/template.py\n+++ ha_source/homeassistant/helpers/template.py\n@@ -1468,7 +1468,7 @@\n-    ent_reg = entity_registry.async_get(hass)\n+    ent_reg = None"
template.py,532,T1: value-template rendering/interpreting,resultados_mutmut/template/boofuzz/seed_1/mutant_diffs/mutant_532.diff,"--- ha_source/homeassistant/helpers/template.py\n+++ ha_source/homeassistant/helpers/template.py\n@@ -1502,7 +1502,7 @@\n-    area_reg = area_registry.async_get(hass)\n+    area_reg = None"
template.py,533,T1: value-template rendering/interpreting,resultados_mutmut/template/boofuzz/seed_1/mutant_diffs/mutant_533.diff,"--- ha_source/homeassistant/helpers/template.py\n+++ ha_source/homeassistant/helpers/template.py\n@@ -1506,7 +1506,7 @@\n-    dev_reg = device_registry.async_get(hass)\n+    dev_reg = None"
template.py,536,T1: value-template rendering/interpreting,resultados_mutmut/template/boofuzz/seed_1/mutant_diffs/mutant_536.diff,"--- ha_source/homeassistant/helpers/template.py\n+++ ha_source/homeassistant/helpers/template.py\n@@ -1529,7 +1529,7 @@\n-    if (device := dev_reg.async_get(lookup_value)) and device.area_id:\n+    if (device := dev_reg.async_get(lookup_value)) or device.area_id:"
template.py,537,T1: value-template rendering/interpreting,resultados_mutmut/template/boofuzz/seed_1/mutant_diffs/mutant_537.diff,"--- ha_source/homeassistant/helpers/template.py\n+++ ha_source/homeassistant/helpers/template.py\n@@ -1540,7 +1540,7 @@\n-    if area_name(hass, area_id_or_name) is None:\n+    if area_name(hass, area_id_or_name) is not None:"
template.py,538,T1: value-template rendering/interpreting,resultados_mutmut/template/boofuzz/seed_1/mutant_diffs/mutant_538.diff,"--- ha_source/homeassistant/helpers/template.py\n+++ ha_source/homeassistant/helpers/template.py\n@@ -1541,7 +1541,7 @@\n-        _area_id = area_id(hass, area_id_or_name)\n+        _area_id = None"
template.py,545,T1: value-template rendering/interpreting,resultados_mutmut/template/boofuzz/seed_1/mutant_diffs/mutant_545.diff,"--- ha_source/homeassistant/helpers/template.py\n+++ ha_source/homeassistant/helpers/template.py\n@@ -1570,7 +1570,7 @@\n-    if area_name(hass, area_id_or_name) is not None:\n+    if area_name(hass, area_id_or_name) is  None:"
template.py,546,T1: value-template rendering/interpreting,resultados_mutmut/template/boofuzz/seed_1/mutant_diffs/mutant_546.diff,"--- ha_source/homeassistant/helpers/template.py\n+++ ha_source/homeassistant/helpers/template.py\n@@ -1571,7 +1571,7 @@\n-        _area_id = area_id_or_name\n+        _area_id = None"
template.py,551,T1: value-template rendering/interpreting,resultados_mutmut/template/boofuzz/seed_1/mutant_diffs/mutant_551.diff,"--- ha_source/homeassistant/helpers/template.py\n+++ ha_source/homeassistant/helpers/template.py\n@@ -1583,7 +1583,7 @@\n-    label_reg = label_registry.async_get(hass)\n+    label_reg = None"
template.py,552,T1: value-template rendering/interpreting,resultados_mutmut/template/boofuzz/seed_1/mutant_diffs/mutant_552.diff,"--- ha_source/homeassistant/helpers/template.py\n+++ ha_source/homeassistant/helpers/template.py\n@@ -1584,7 +1584,7 @@\n-    if lookup_value is None:\n+    if lookup_value is not None:"
template.py,553,T1: value-template rendering/interpreting,resultados_mutmut/template/boofuzz/seed_1/mutant_diffs/mutant_553.diff,"--- ha_source/homeassistant/helpers/template.py\n+++ ha_source/homeassistant/helpers/template.py\n@@ -1587,7 +1587,7 @@\n-    ent_reg = entity_registry.async_get(hass)\n+    ent_reg = None"
template.py,554,T1: value-template rendering/interpreting,resultados_mutmut/template/boofuzz/seed_1/mutant_diffs/mutant_554.diff,"--- ha_source/homeassistant/helpers/template.py\n+++ ha_source/homeassistant/helpers/template.py\n@@ -1592,7 +1592,7 @@\n-    lookup_value = str(lookup_value)\n+    lookup_value = None"
template.py,555,T1: value-template rendering/interpreting,resultados_mutmut/template/boofuzz/seed_1/mutant_diffs/mutant_555.diff,"--- ha_source/homeassistant/helpers/template.py\n+++ ha_source/homeassistant/helpers/template.py\n@@ -1603,7 +1603,7 @@\n-    dev_reg = device_registry.async_get(hass)\n+    dev_reg = None"
template.py,556,T1: value-template rendering/interpreting,resultados_mutmut/template/boofuzz/seed_1/mutant_diffs/mutant_556.diff,"--- ha_source/homeassistant/helpers/template.py\n+++ ha_source/homeassistant/helpers/template.py\n@@ -1608,7 +1608,7 @@\n-    area_reg = area_registry.async_get(hass)\n+    area_reg = None"
template.py,557,T1: value-template rendering/interpreting,resultados_mutmut/template/boofuzz/seed_1/mutant_diffs/mutant_557.diff,"--- ha_source/homeassistant/helpers/template.py\n+++ ha_source/homeassistant/helpers/template.py\n@@ -1617,7 +1617,7 @@\n-    label_reg = label_registry.async_get(hass)\n+    label_reg = None"
template.py,558,T1: value-template rendering/interpreting,resultados_mutmut/template/boofuzz/seed_1/mutant_diffs/mutant_558.diff,"--- ha_source/homeassistant/helpers/template.py\n+++ ha_source/homeassistant/helpers/template.py\n@@ -1625,7 +1625,7 @@\n-    label_reg = label_registry.async_get(hass)\n+    label_reg = None"
template.py,559,T1: value-template rendering/interpreting,resultados_mutmut/template/boofuzz/seed_1/mutant_diffs/mutant_559.diff,"--- ha_source/homeassistant/helpers/template.py\n+++ ha_source/homeassistant/helpers/template.py\n@@ -1635,7 +1635,7 @@\n-    if label_name(hass, label_id_or_name) is not None:\n+    if label_name(hass, label_id_or_name) is  None:"
template.py,605,T1: value-template rendering/interpreting,resultados_mutmut/template/boofuzz/seed_1/mutant_diffs/mutant_605.diff,"--- ha_source/homeassistant/helpers/template.py\n+++ ha_source/homeassistant/helpers/template.py\n@@ -1745,7 +1745,7 @@\n-    to_process = list(args)\n+    to_process = None"
template.py,606,T1: value-template rendering/interpreting,resultados_mutmut/template/boofuzz/seed_1/mutant_diffs/mutant_606.diff,"--- ha_source/homeassistant/helpers/template.py\n+++ ha_source/homeassistant/helpers/template.py\n@@ -1748,7 +1748,7 @@\n-        value = to_process.pop(0)\n+        value = to_process.pop(1)"
template.py,607,T1: value-template rendering/interpreting,resultados_mutmut/template/boofuzz/seed_1/mutant_diffs/mutant_607.diff,"--- ha_source/homeassistant/helpers/template.py\n+++ ha_source/homeassistant/helpers/template.py\n@@ -1748,7 +1748,7 @@\n-        value = to_process.pop(0)\n+        value = None"
template.py,608,T1: value-template rendering/interpreting,resultados_mutmut/template/boofuzz/seed_1/mutant_diffs/mutant_608.diff,"--- ha_source/homeassistant/helpers/template.py\n+++ ha_source/homeassistant/helpers/template.py\n@@ -1749,7 +1749,7 @@\n-        if isinstance(value, str) and not valid_entity_id(value):\n+        if isinstance(value, str) and  valid_entity_id(value):"
template.py,609,T1: value-template rendering/interpreting,resultados_mutmut/template/boofuzz/seed_1/mutant_diffs/mutant_609.diff,"--- ha_source/homeassistant/helpers/template.py\n+++ ha_source/homeassistant/helpers/template.py\n@@ -1749,7 +1749,7 @@\n-        if isinstance(value, str) and not valid_entity_id(value):\n+        if isinstance(value, str) or not valid_entity_id(value):"
template.py,610,T1: value-template rendering/interpreting,resultados_mutmut/template/boofuzz/seed_1/mutant_diffs/mutant_610.diff,"--- ha_source/homeassistant/helpers/template.py\n+++ ha_source/homeassistant/helpers/template.py\n@@ -1750,7 +1750,7 @@\n-            point_state = None\n+            point_state = """""
template.py,611,T1: value-template rendering/interpreting,resultados_mutmut/template/boofuzz/seed_1/mutant_diffs/mutant_611.diff,"--- ha_source/homeassistant/helpers/template.py\n+++ ha_source/homeassistant/helpers/template.py\n@@ -1752,7 +1752,7 @@\n-            point_state = _resolve_state(hass, value)\n+            point_state = None"
template.py,612,T1: value-template rendering/interpreting,resultados_mutmut/template/boofuzz/seed_1/mutant_diffs/mutant_612.diff,"--- ha_source/homeassistant/helpers/template.py\n+++ ha_source/homeassistant/helpers/template.py\n@@ -1754,7 +1754,7 @@\n-        if point_state is None:\n+        if point_state is not None:"
template.py,613,T1: value-template rendering/interpreting,resultados_mutmut/template/boofuzz/seed_1/mutant_diffs/mutant_613.diff,"--- ha_source/homeassistant/helpers/template.py\n+++ ha_source/homeassistant/helpers/template.py\n@@ -1756,7 +1756,7 @@\n-            if not to_process:\n+            if  to_process:"
template.py,615,T1: value-template rendering/interpreting,resultados_mutmut/template/boofuzz/seed_1/mutant_diffs/mutant_615.diff,"--- ha_source/homeassistant/helpers/template.py\n+++ ha_source/homeassistant/helpers/template.py\n@@ -1762,7 +1762,7 @@\n-            value_2 = to_process.pop(0)\n+            value_2 = to_process.pop(1)"
template.py,616,T1: value-template rendering/interpreting,resultados_mutmut/template/boofuzz/seed_1/mutant_diffs/mutant_616.diff,"--- ha_source/homeassistant/helpers/template.py\n+++ ha_source/homeassistant/helpers/template.py\n@@ -1762,7 +1762,7 @@\n-            value_2 = to_process.pop(0)\n+            value_2 = None"
template.py,617,T1: value-template rendering/interpreting,resultados_mutmut/template/boofuzz/seed_1/mutant_diffs/mutant_617.diff,"--- ha_source/homeassistant/helpers/template.py\n+++ ha_source/homeassistant/helpers/template.py\n@@ -1763,7 +1763,7 @@\n-            latitude = convert(value, float)\n+            latitude = None"
template.py,618,T1: value-template rendering/interpreting,resultados_mutmut/template/boofuzz/seed_1/mutant_diffs/mutant_618.diff,"--- ha_source/homeassistant/helpers/template.py\n+++ ha_source/homeassistant/helpers/template.py\n@@ -1764,7 +1764,7 @@\n-            longitude = convert(value_2, float)\n+            longitude = None"
template.py,619,T1: value-template rendering/interpreting,resultados_mutmut/template/boofuzz/seed_1/mutant_diffs/mutant_619.diff,"--- ha_source/homeassistant/helpers/template.py\n+++ ha_source/homeassistant/helpers/template.py\n@@ -1766,7 +1766,7 @@\n-            if latitude is None or longitude is None:\n+            if latitude is not None or longitude is None:"
template.py,620,T1: value-template rendering/interpreting,resultados_mutmut/template/boofuzz/seed_1/mutant_diffs/mutant_620.diff,"--- ha_source/homeassistant/helpers/template.py\n+++ ha_source/homeassistant/helpers/template.py\n@@ -1766,7 +1766,7 @@\n-            if latitude is None or longitude is None:\n+            if latitude is None or longitude is not None:"
template.py,621,T1: value-template rendering/interpreting,resultados_mutmut/template/boofuzz/seed_1/mutant_diffs/mutant_621.diff,"--- ha_source/homeassistant/helpers/template.py\n+++ ha_source/homeassistant/helpers/template.py\n@@ -1766,7 +1766,7 @@\n-            if latitude is None or longitude is None:\n+            if latitude is None and longitude is None:"
template.py,637,T1: value-template rendering/interpreting,resultados_mutmut/template/boofuzz/seed_1/mutant_diffs/mutant_637.diff,"--- ha_source/homeassistant/helpers/template.py\n+++ ha_source/homeassistant/helpers/template.py\n@@ -1803,7 +1803,7 @@\n-    state_obj = _get_state(hass, entity_id)\n+    state_obj = None"
template.py,638,T1: value-template rendering/interpreting,resultados_mutmut/template/boofuzz/seed_1/mutant_diffs/mutant_638.diff,"--- ha_source/homeassistant/helpers/template.py\n+++ ha_source/homeassistant/helpers/template.py\n@@ -1804,7 +1804,7 @@\n-    return state_obj is not None and (\n+    return state_obj is  None and ("
template.py,639,T1: value-template rendering/interpreting,resultados_mutmut/template/boofuzz/seed_1/mutant_diffs/mutant_639.diff,"--- ha_source/homeassistant/helpers/template.py\n+++ ha_source/homeassistant/helpers/template.py\n@@ -1805,7 +1805,7 @@\n-        state_obj.state == state or isinstance(state, list) and state_obj.state in state\n+        state_obj.state != state or isinstance(state, list) and state_obj.state in state"
template.py,640,T1: value-template rendering/interpreting,resultados_mutmut/template/boofuzz/seed_1/mutant_diffs/mutant_640.diff,"--- ha_source/homeassistant/helpers/template.py\n+++ ha_source/homeassistant/helpers/template.py\n@@ -1805,7 +1805,7 @@\n-        state_obj.state == state or isinstance(state, list) and state_obj.state in state\n+        state_obj.state == state or isinstance(state, list) and state_obj.state not in state"
template.py,641,T1: value-template rendering/interpreting,resultados_mutmut/template/boofuzz/seed_1/mutant_diffs/mutant_641.diff,"--- ha_source/homeassistant/helpers/template.py\n+++ ha_source/homeassistant/helpers/template.py\n@@ -1805,7 +1805,7 @@\n-        state_obj.state == state or isinstance(state, list) and state_obj.state in state\n+        state_obj.state == state or isinstance(state, list) or state_obj.state in state"
template.py,642,T1: value-template rendering/interpreting,resultados_mutmut/template/boofuzz/seed_1/mutant_diffs/mutant_642.diff,"--- ha_source/homeassistant/helpers/template.py\n+++ ha_source/homeassistant/helpers/template.py\n@@ -1805,7 +1805,7 @@\n-        state_obj.state == state or isinstance(state, list) and state_obj.state in state\n+        state_obj.state == state and isinstance(state, list) and state_obj.state in state"
template.py,643,T1: value-template rendering/interpreting,resultados_mutmut/template/boofuzz/seed_1/mutant_diffs/mutant_643.diff,"--- ha_source/homeassistant/helpers/template.py\n+++ ha_source/homeassistant/helpers/template.py\n@@ -1804,7 +1804,7 @@\n-    return state_obj is not None and (\n+    return state_obj is not None or ("
template.py,644,T1: value-template rendering/interpreting,resultados_mutmut/template/boofuzz/seed_1/mutant_diffs/mutant_644.diff,"--- ha_source/homeassistant/helpers/template.py\n+++ ha_source/homeassistant/helpers/template.py\n@@ -1811,7 +1811,7 @@\n-    attr = state_attr(hass, entity_id, name)\n+    attr = None"
template.py,645,T1: value-template rendering/interpreting,resultados_mutmut/template/boofuzz/seed_1/mutant_diffs/mutant_645.diff,"--- ha_source/homeassistant/helpers/template.py\n+++ ha_source/homeassistant/helpers/template.py\n@@ -1812,7 +1812,7 @@\n-    return attr is not None and attr == value\n+    return attr is  None and attr == value"
template.py,646,T1: value-template rendering/interpreting,resultados_mutmut/template/boofuzz/seed_1/mutant_diffs/mutant_646.diff,"--- ha_source/homeassistant/helpers/template.py\n+++ ha_source/homeassistant/helpers/template.py\n@@ -1812,7 +1812,7 @@\n-    return attr is not None and attr == value\n+    return attr is not None and attr != value"
template.py,647,T1: value-template rendering/interpreting,resultados_mutmut/template/boofuzz/seed_1/mutant_diffs/mutant_647.diff,"--- ha_source/homeassistant/helpers/template.py\n+++ ha_source/homeassistant/helpers/template.py\n@@ -1812,7 +1812,7 @@\n-    return attr is not None and attr == value\n+    return attr is not None or attr == value"
template.py,649,T1: value-template rendering/interpreting,resultados_mutmut/template/boofuzz/seed_1/mutant_diffs/mutant_649.diff,"--- ha_source/homeassistant/helpers/template.py\n+++ ha_source/homeassistant/helpers/template.py\n@@ -1824,7 +1824,7 @@\n-    state_obj = _get_state(hass, entity_id)\n+    state_obj = None"
template.py,650,T1: value-template rendering/interpreting,resultados_mutmut/template/boofuzz/seed_1/mutant_diffs/mutant_650.diff,"--- ha_source/homeassistant/helpers/template.py\n+++ ha_source/homeassistant/helpers/template.py\n@@ -1826,7 +1826,7 @@\n-    return state_obj is not None and (\n+    return state_obj is  None and ("
template.py,652,T1: value-template rendering/interpreting,resultados_mutmut/template/boofuzz/seed_1/mutant_diffs/mutant_652.diff,"--- ha_source/homeassistant/helpers/template.py\n+++ ha_source/homeassistant/helpers/template.py\n@@ -1826,7 +1826,7 @@\n-    return state_obj is not None and (\n+    return state_obj is not None or ("
template.py,653,T1: value-template rendering/interpreting,resultados_mutmut/template/boofuzz/seed_1/mutant_diffs/mutant_653.diff,"--- ha_source/homeassistant/helpers/template.py\n+++ ha_source/homeassistant/helpers/template.py\n@@ -1833,7 +1833,7 @@\n-    if (render_info := _render_info.get()) is not None:\n+    if (render_info := _render_info.get()) is  None:"
template.py,654,T1: value-template rendering/interpreting,resultados_mutmut/template/boofuzz/seed_1/mutant_diffs/mutant_654.diff,"--- ha_source/homeassistant/helpers/template.py\n+++ ha_source/homeassistant/helpers/template.py\n@@ -1834,7 +1834,7 @@\n-        render_info.has_time = True\n+        render_info.has_time = False"
template.py,655,T1: value-template rendering/interpreting,resultados_mutmut/template/boofuzz/seed_1/mutant_diffs/mutant_655.diff,"--- ha_source/homeassistant/helpers/template.py\n+++ ha_source/homeassistant/helpers/template.py\n@@ -1834,7 +1834,7 @@\n-        render_info.has_time = True\n+        render_info.has_time = None"
template.py,656,T1: value-template rendering/interpreting,resultados_mutmut/template/boofuzz/seed_1/mutant_diffs/mutant_656.diff,"--- ha_source/homeassistant/helpers/template.py\n+++ ha_source/homeassistant/helpers/template.py\n@@ -1841,7 +1841,7 @@\n-    if (render_info := _render_info.get()) is not None:\n+    if (render_info := _render_info.get()) is  None:"
template.py,657,T1: value-template rendering/interpreting,resultados_mutmut/template/boofuzz/seed_1/mutant_diffs/mutant_657.diff,"--- ha_source/homeassistant/helpers/template.py\n+++ ha_source/homeassistant/helpers/template.py\n@@ -1842,7 +1842,7 @@\n-        render_info.has_time = True\n+        render_info.has_time = False"
template.py,658,T1: value-template rendering/interpreting,resultados_mutmut/template/boofuzz/seed_1/mutant_diffs/mutant_658.diff,"--- ha_source/homeassistant/helpers/template.py\n+++ ha_source/homeassistant/helpers/template.py\n@@ -1842,7 +1842,7 @@\n-        render_info.has_time = True\n+        render_info.has_time = None"
template.py,661,T1: value-template rendering/interpreting,resultados_mutmut/template/boofuzz/seed_1/mutant_diffs/mutant_661.diff,"--- ha_source/homeassistant/helpers/template.py\n+++ ha_source/homeassistant/helpers/template.py\n@@ -1849,7 +1849,7 @@\n-    template, action = template_cv.get() or ("""", ""rendering or compiling"")\n+    template, action = template_cv.get() and ("""", ""rendering or compiling"")"
template.py,662,T1: value-template rendering/interpreting,resultados_mutmut/template/boofuzz/seed_1/mutant_diffs/mutant_662.diff,"--- ha_source/homeassistant/helpers/template.py\n+++ ha_source/homeassistant/helpers/template.py\n@@ -1849,7 +1849,7 @@\n-    template, action = template_cv.get() or ("""", ""rendering or compiling"")\n+    template, action = None"
template.py,665,T1: value-template rendering/interpreting,resultados_mutmut/template/boofuzz/seed_1/mutant_diffs/mutant_665.diff,"--- ha_source/homeassistant/helpers/template.py\n+++ ha_source/homeassistant/helpers/template.py\n@@ -1856,7 +1856,7 @@\n-def forgiving_round(value, precision=0, method=""common"", default=_SENTINEL):\n+def forgiving_round(value, precision=1, method=""common"", default=_SENTINEL):"
template.py,667,T1: value-template rendering/interpreting,resultados_mutmut/template/boofuzz/seed_1/mutant_diffs/mutant_667.diff,"--- ha_source/homeassistant/helpers/template.py\n+++ ha_source/homeassistant/helpers/template.py\n@@ -1860,7 +1860,7 @@\n-        multiplier = float(10**precision)\n+        multiplier = float(11**precision)"
template.py,668,T1: value-template rendering/interpreting,resultados_mutmut/template/boofuzz/seed_1/mutant_diffs/mutant_668.diff,"--- ha_source/homeassistant/helpers/template.py\n+++ ha_source/homeassistant/helpers/template.py\n@@ -1860,7 +1860,7 @@\n-        multiplier = float(10**precision)\n+        multiplier = float(10*precision)"
template.py,669,T1: value-template rendering/interpreting,resultados_mutmut/template/boofuzz/seed_1/mutant_diffs/mutant_669.diff,"--- ha_source/homeassistant/helpers/template.py\n+++ ha_source/homeassistant/helpers/template.py\n@@ -1860,7 +1860,7 @@\n-        multiplier = float(10**precision)\n+        multiplier = None"
template.py,670,T1: value-template rendering/interpreting,resultados_mutmut/template/boofuzz/seed_1/mutant_diffs/mutant_670.diff,"--- ha_source/homeassistant/helpers/template.py\n+++ ha_source/homeassistant/helpers/template.py\n@@ -1861,7 +1861,7 @@\n-        if method == ""ceil"":\n+        if method != ""ceil"":"
template.py,672,T1: value-template rendering/interpreting,resultados_mutmut/template/boofuzz/seed_1/mutant_diffs/mutant_672.diff,"--- ha_source/homeassistant/helpers/template.py\n+++ ha_source/homeassistant/helpers/template.py\n@@ -1862,7 +1862,7 @@\n-            value = math.ceil(float(value) * multiplier) / multiplier\n+            value = math.ceil(float(value) / multiplier) / multiplier"
template.py,673,T1: value-template rendering/interpreting,resultados_mutmut/template/boofuzz/seed_1/mutant_diffs/mutant_673.diff,"--- ha_source/homeassistant/helpers/template.py\n+++ ha_source/homeassistant/helpers/template.py\n@@ -1862,7 +1862,7 @@\n-            value = math.ceil(float(value) * multiplier) / multiplier\n+            value = math.ceil(float(value) * multiplier) * multiplier"
template.py,674,T1: value-template rendering/interpreting,resultados_mutmut/template/boofuzz/seed_1/mutant_diffs/mutant_674.diff,"--- ha_source/homeassistant/helpers/template.py\n+++ ha_source/homeassistant/helpers/template.py\n@@ -1862,7 +1862,7 @@\n-            value = math.ceil(float(value) * multiplier) / multiplier\n+            value = None"
template.py,675,T1: value-template rendering/interpreting,resultados_mutmut/template/boofuzz/seed_1/mutant_diffs/mutant_675.diff,"--- ha_source/homeassistant/helpers/template.py\n+++ ha_source/homeassistant/helpers/template.py\n@@ -1863,7 +1863,7 @@\n-        elif method == ""floor"":\n+        elif method != ""floor"":"
template.py,677,T1: value-template rendering/interpreting,resultados_mutmut/template/boofuzz/seed_1/mutant_diffs/mutant_677.diff,"--- ha_source/homeassistant/helpers/template.py\n+++ ha_source/homeassistant/helpers/template.py\n@@ -1864,7 +1864,7 @@\n-            value = math.floor(float(value) * multiplier) / multiplier\n+            value = math.floor(float(value) / multiplier) / multiplier"
template.py,678,T1: value-template rendering/interpreting,resultados_mutmut/template/boofuzz/seed_1/mutant_diffs/mutant_678.diff,"--- ha_source/homeassistant/helpers/template.py\n+++ ha_source/homeassistant/helpers/template.py\n@@ -1864,7 +1864,7 @@\n-            value = math.floor(float(value) * multiplier) / multiplier\n+            value = math.floor(float(value) * multiplier) * multiplier"
template.py,679,T1: value-template rendering/interpreting,resultados_mutmut/template/boofuzz/seed_1/mutant_diffs/mutant_679.diff,"--- ha_source/homeassistant/helpers/template.py\n+++ ha_source/homeassistant/helpers/template.py\n@@ -1864,7 +1864,7 @@\n-            value = math.floor(float(value) * multiplier) / multiplier\n+            value = None"
template.py,680,T1: value-template rendering/interpreting,resultados_mutmut/template/boofuzz/seed_1/mutant_diffs/mutant_680.diff,"--- ha_source/homeassistant/helpers/template.py\n+++ ha_source/homeassistant/helpers/template.py\n@@ -1865,7 +1865,7 @@\n-        elif method == ""half"":\n+        elif method != ""half"":"
template.py,682,T1: value-template rendering/interpreting,resultados_mutmut/template/boofuzz/seed_1/mutant_diffs/mutant_682.diff,"--- ha_source/homeassistant/helpers/template.py\n+++ ha_source/homeassistant/helpers/template.py\n@@ -1866,7 +1866,7 @@\n-            value = round(float(value) * 2) / 2\n+            value = round(float(value) / 2) / 2"
template.py,683,T1: value-template rendering/interpreting,resultados_mutmut/template/boofuzz/seed_1/mutant_diffs/mutant_683.diff,"--- ha_source/homeassistant/helpers/template.py\n+++ ha_source/homeassistant/helpers/template.py\n@@ -1866,7 +1866,7 @@\n-            value = round(float(value) * 2) / 2\n+            value = round(float(value) * 3) / 2"
template.py,684,T1: value-template rendering/interpreting,resultados_mutmut/template/boofuzz/seed_1/mutant_diffs/mutant_684.diff,"--- ha_source/homeassistant/helpers/template.py\n+++ ha_source/homeassistant/helpers/template.py\n@@ -1866,7 +1866,7 @@\n-            value = round(float(value) * 2) / 2\n+            value = round(float(value) * 2) * 2"
template.py,685,T1: value-template rendering/interpreting,resultados_mutmut/template/boofuzz/seed_1/mutant_diffs/mutant_685.diff,"--- ha_source/homeassistant/helpers/template.py\n+++ ha_source/homeassistant/helpers/template.py\n@@ -1866,7 +1866,7 @@\n-            value = round(float(value) * 2) / 2\n+            value = round(float(value) * 2) / 3"
template.py,686,T1: value-template rendering/interpreting,resultados_mutmut/template/boofuzz/seed_1/mutant_diffs/mutant_686.diff,"--- ha_source/homeassistant/helpers/template.py\n+++ ha_source/homeassistant/helpers/template.py\n@@ -1866,7 +1866,7 @@\n-            value = round(float(value) * 2) / 2\n+            value = None"
template.py,687,T1: value-template rendering/interpreting,resultados_mutmut/template/boofuzz/seed_1/mutant_diffs/mutant_687.diff,"--- ha_source/homeassistant/helpers/template.py\n+++ ha_source/homeassistant/helpers/template.py\n@@ -1869,7 +1869,7 @@\n-            value = round(float(value), precision)\n+            value = None"
template.py,688,T1: value-template rendering/interpreting,resultados_mutmut/template/boofuzz/seed_1/mutant_diffs/mutant_688.diff,"--- ha_source/homeassistant/helpers/template.py\n+++ ha_source/homeassistant/helpers/template.py\n@@ -1870,7 +1870,7 @@\n-        return int(value) if precision == 0 else value\n+        return int(value) if precision != 0 else value"
template.py,689,T1: value-template rendering/interpreting,resultados_mutmut/template/boofuzz/seed_1/mutant_diffs/mutant_689.diff,"--- ha_source/homeassistant/helpers/template.py\n+++ ha_source/homeassistant/helpers/template.py\n@@ -1870,7 +1870,7 @@\n-        return int(value) if precision == 0 else value\n+        return int(value) if precision == 1 else value"
template.py,690,T1: value-template rendering/interpreting,resultados_mutmut/template/boofuzz/seed_1/mutant_diffs/mutant_690.diff,"--- ha_source/homeassistant/helpers/template.py\n+++ ha_source/homeassistant/helpers/template.py\n@@ -1873,7 +1873,7 @@\n-        if default is _SENTINEL:\n+        if default is not _SENTINEL:"
template.py,692,T1: value-template rendering/interpreting,resultados_mutmut/template/boofuzz/seed_1/mutant_diffs/mutant_692.diff,"--- ha_source/homeassistant/helpers/template.py\n+++ ha_source/homeassistant/helpers/template.py\n@@ -1881,7 +1881,7 @@\n-        return float(value) * amount\n+        return float(value) / amount"
template.py,693,T1: value-template rendering/interpreting,resultados_mutmut/template/boofuzz/seed_1/mutant_diffs/mutant_693.diff,"--- ha_source/homeassistant/helpers/template.py\n+++ ha_source/homeassistant/helpers/template.py\n@@ -1884,7 +1884,7 @@\n-        if default is _SENTINEL:\n+        if default is not _SENTINEL:"
template.py,695,T1: value-template rendering/interpreting,resultados_mutmut/template/boofuzz/seed_1/mutant_diffs/mutant_695.diff,"--- ha_source/homeassistant/helpers/template.py\n+++ ha_source/homeassistant/helpers/template.py\n@@ -1892,7 +1892,7 @@\n-        return float(value) + amount\n+        return float(value) - amount"
template.py,696,T1: value-template rendering/interpreting,resultados_mutmut/template/boofuzz/seed_1/mutant_diffs/mutant_696.diff,"--- ha_source/homeassistant/helpers/template.py\n+++ ha_source/homeassistant/helpers/template.py\n@@ -1895,7 +1895,7 @@\n-        if default is _SENTINEL:\n+        if default is not _SENTINEL:"
template.py,698,T1: value-template rendering/interpreting,resultados_mutmut/template/boofuzz/seed_1/mutant_diffs/mutant_698.diff,"--- ha_source/homeassistant/helpers/template.py\n+++ ha_source/homeassistant/helpers/template.py\n@@ -1903,7 +1903,7 @@\n-        base_float = float(base)\n+        base_float = None"
template.py,699,T1: value-template rendering/interpreting,resultados_mutmut/template/boofuzz/seed_1/mutant_diffs/mutant_699.diff,"--- ha_source/homeassistant/helpers/template.py\n+++ ha_source/homeassistant/helpers/template.py\n@@ -1905,7 +1905,7 @@\n-        if default is _SENTINEL:\n+        if default is not _SENTINEL:"
template.py,701,T1: value-template rendering/interpreting,resultados_mutmut/template/boofuzz/seed_1/mutant_diffs/mutant_701.diff,"--- ha_source/homeassistant/helpers/template.py\n+++ ha_source/homeassistant/helpers/template.py\n@@ -1909,7 +1909,7 @@\n-        value_float = float(value)\n+        value_float = None"
template.py,702,T1: value-template rendering/interpreting,resultados_mutmut/template/boofuzz/seed_1/mutant_diffs/mutant_702.diff,"--- ha_source/homeassistant/helpers/template.py\n+++ ha_source/homeassistant/helpers/template.py\n@@ -1912,7 +1912,7 @@\n-        if default is _SENTINEL:\n+        if default is not _SENTINEL:"
template.py,704,T1: value-template rendering/interpreting,resultados_mutmut/template/boofuzz/seed_1/mutant_diffs/mutant_704.diff,"--- ha_source/homeassistant/helpers/template.py\n+++ ha_source/homeassistant/helpers/template.py\n@@ -1922,7 +1922,7 @@\n-        if default is _SENTINEL:\n+        if default is not _SENTINEL:"
template.py,706,T1: value-template rendering/interpreting,resultados_mutmut/template/boofuzz/seed_1/mutant_diffs/mutant_706.diff,"--- ha_source/homeassistant/helpers/template.py\n+++ ha_source/homeassistant/helpers/template.py\n@@ -1932,7 +1932,7 @@\n-        if default is _SENTINEL:\n+        if default is not _SENTINEL:"
template.py,708,T1: value-template rendering/interpreting,resultados_mutmut/template/boofuzz/seed_1/mutant_diffs/mutant_708.diff,"--- ha_source/homeassistant/helpers/template.py\n+++ ha_source/homeassistant/helpers/template.py\n@@ -1942,7 +1942,7 @@\n-        if default is _SENTINEL:\n+        if default is not _SENTINEL:"
template.py,710,T1: value-template rendering/interpreting,resultados_mutmut/template/boofuzz/seed_1/mutant_diffs/mutant_710.diff,"--- ha_source/homeassistant/helpers/template.py\n+++ ha_source/homeassistant/helpers/template.py\n@@ -1952,7 +1952,7 @@\n-        if default is _SENTINEL:\n+        if default is not _SENTINEL:"
template.py,712,T1: value-template rendering/interpreting,resultados_mutmut/template/boofuzz/seed_1/mutant_diffs/mutant_712.diff,"--- ha_source/homeassistant/helpers/template.py\n+++ ha_source/homeassistant/helpers/template.py\n@@ -1962,7 +1962,7 @@\n-        if default is _SENTINEL:\n+        if default is not _SENTINEL:"
template.py,714,T1: value-template rendering/interpreting,resultados_mutmut/template/boofuzz/seed_1/mutant_diffs/mutant_714.diff,"--- ha_source/homeassistant/helpers/template.py\n+++ ha_source/homeassistant/helpers/template.py\n@@ -1972,7 +1972,7 @@\n-        if default is _SENTINEL:\n+        if default is not _SENTINEL:"
template.py,716,T1: value-template rendering/interpreting,resultados_mutmut/template/boofuzz/seed_1/mutant_diffs/mutant_716.diff,"--- ha_source/homeassistant/helpers/template.py\n+++ ha_source/homeassistant/helpers/template.py\n@@ -1984,7 +1984,7 @@\n-        if 1 <= len(args) <= 2 and isinstance(args[0], (list, tuple)):\n+        if 2 <= len(args) <= 2 and isinstance(args[0], (list, tuple)):"
template.py,717,T1: value-template rendering/interpreting,resultados_mutmut/template/boofuzz/seed_1/mutant_diffs/mutant_717.diff,"--- ha_source/homeassistant/helpers/template.py\n+++ ha_source/homeassistant/helpers/template.py\n@@ -1984,7 +1984,7 @@\n-        if 1 <= len(args) <= 2 and isinstance(args[0], (list, tuple)):\n+        if 1 < len(args) <= 2 and isinstance(args[0], (list, tuple)):"
template.py,718,T1: value-template rendering/interpreting,resultados_mutmut/template/boofuzz/seed_1/mutant_diffs/mutant_718.diff,"--- ha_source/homeassistant/helpers/template.py\n+++ ha_source/homeassistant/helpers/template.py\n@@ -1984,7 +1984,7 @@\n-        if 1 <= len(args) <= 2 and isinstance(args[0], (list, tuple)):\n+        if 1 <= len(args) < 2 and isinstance(args[0], (list, tuple)):"
template.py,719,T1: value-template rendering/interpreting,resultados_mutmut/template/boofuzz/seed_1/mutant_diffs/mutant_719.diff,"--- ha_source/homeassistant/helpers/template.py\n+++ ha_source/homeassistant/helpers/template.py\n@@ -1984,7 +1984,7 @@\n-        if 1 <= len(args) <= 2 and isinstance(args[0], (list, tuple)):\n+        if 1 <= len(args) <= 3 and isinstance(args[0], (list, tuple)):"
template.py,720,T1: value-template rendering/interpreting,resultados_mutmut/template/boofuzz/seed_1/mutant_diffs/mutant_720.diff,"--- ha_source/homeassistant/helpers/template.py\n+++ ha_source/homeassistant/helpers/template.py\n@@ -1984,7 +1984,7 @@\n-        if 1 <= len(args) <= 2 and isinstance(args[0], (list, tuple)):\n+        if 1 <= len(args) <= 2 and isinstance(args[1], (list, tuple)):"
template.py,721,T1: value-template rendering/interpreting,resultados_mutmut/template/boofuzz/seed_1/mutant_diffs/mutant_721.diff,"--- ha_source/homeassistant/helpers/template.py\n+++ ha_source/homeassistant/helpers/template.py\n@@ -1984,7 +1984,7 @@\n-        if 1 <= len(args) <= 2 and isinstance(args[0], (list, tuple)):\n+        if 1 <= len(args) <= 2 or isinstance(args[0], (list, tuple)):"
template.py,722,T1: value-template rendering/interpreting,resultados_mutmut/template/boofuzz/seed_1/mutant_diffs/mutant_722.diff,"--- ha_source/homeassistant/helpers/template.py\n+++ ha_source/homeassistant/helpers/template.py\n@@ -1985,7 +1985,7 @@\n-            if len(args) == 2 and default is _SENTINEL:\n+            if len(args) != 2 and default is _SENTINEL:"
template.py,723,T1: value-template rendering/interpreting,resultados_mutmut/template/boofuzz/seed_1/mutant_diffs/mutant_723.diff,"--- ha_source/homeassistant/helpers/template.py\n+++ ha_source/homeassistant/helpers/template.py\n@@ -1985,7 +1985,7 @@\n-            if len(args) == 2 and default is _SENTINEL:\n+            if len(args) == 3 and default is _SENTINEL:"
template.py,724,T1: value-template rendering/interpreting,resultados_mutmut/template/boofuzz/seed_1/mutant_diffs/mutant_724.diff,"--- ha_source/homeassistant/helpers/template.py\n+++ ha_source/homeassistant/helpers/template.py\n@@ -1985,7 +1985,7 @@\n-            if len(args) == 2 and default is _SENTINEL:\n+            if len(args) == 2 and default is not _SENTINEL:"
template.py,725,T1: value-template rendering/interpreting,resultados_mutmut/template/boofuzz/seed_1/mutant_diffs/mutant_725.diff,"--- ha_source/homeassistant/helpers/template.py\n+++ ha_source/homeassistant/helpers/template.py\n@@ -1985,7 +1985,7 @@\n-            if len(args) == 2 and default is _SENTINEL:\n+            if len(args) == 2 or default is _SENTINEL:"
template.py,726,T1: value-template rendering/interpreting,resultados_mutmut/template/boofuzz/seed_1/mutant_diffs/mutant_726.diff,"--- ha_source/homeassistant/helpers/template.py\n+++ ha_source/homeassistant/helpers/template.py\n@@ -1987,7 +1987,7 @@\n-                default = args[1]\n+                default = args[2]"
template.py,727,T1: value-template rendering/interpreting,resultados_mutmut/template/boofuzz/seed_1/mutant_diffs/mutant_727.diff,"--- ha_source/homeassistant/helpers/template.py\n+++ ha_source/homeassistant/helpers/template.py\n@@ -1987,7 +1987,7 @@\n-                default = args[1]\n+                default = None"
template.py,728,T1: value-template rendering/interpreting,resultados_mutmut/template/boofuzz/seed_1/mutant_diffs/mutant_728.diff,"--- ha_source/homeassistant/helpers/template.py\n+++ ha_source/homeassistant/helpers/template.py\n@@ -1988,7 +1988,7 @@\n-            args = args[0]\n+            args = args[1]"
template.py,729,T1: value-template rendering/interpreting,resultados_mutmut/template/boofuzz/seed_1/mutant_diffs/mutant_729.diff,"--- ha_source/homeassistant/helpers/template.py\n+++ ha_source/homeassistant/helpers/template.py\n@@ -1988,7 +1988,7 @@\n-            args = args[0]\n+            args = None"
template.py,730,T1: value-template rendering/interpreting,resultados_mutmut/template/boofuzz/seed_1/mutant_diffs/mutant_730.diff,"--- ha_source/homeassistant/helpers/template.py\n+++ ha_source/homeassistant/helpers/template.py\n@@ -1989,7 +1989,7 @@\n-        elif len(args) == 3 and default is _SENTINEL:\n+        elif len(args) != 3 and default is _SENTINEL:"
template.py,731,T1: value-template rendering/interpreting,resultados_mutmut/template/boofuzz/seed_1/mutant_diffs/mutant_731.diff,"--- ha_source/homeassistant/helpers/template.py\n+++ ha_source/homeassistant/helpers/template.py\n@@ -1989,7 +1989,7 @@\n-        elif len(args) == 3 and default is _SENTINEL:\n+        elif len(args) == 4 and default is _SENTINEL:"
template.py,732,T1: value-template rendering/interpreting,resultados_mutmut/template/boofuzz/seed_1/mutant_diffs/mutant_732.diff,"--- ha_source/homeassistant/helpers/template.py\n+++ ha_source/homeassistant/helpers/template.py\n@@ -1989,7 +1989,7 @@\n-        elif len(args) == 3 and default is _SENTINEL:\n+        elif len(args) == 3 and default is not _SENTINEL:"
template.py,733,T1: value-template rendering/interpreting,resultados_mutmut/template/boofuzz/seed_1/mutant_diffs/mutant_733.diff,"--- ha_source/homeassistant/helpers/template.py\n+++ ha_source/homeassistant/helpers/template.py\n@@ -1989,7 +1989,7 @@\n-        elif len(args) == 3 and default is _SENTINEL:\n+        elif len(args) == 3 or default is _SENTINEL:"
template.py,734,T1: value-template rendering/interpreting,resultados_mutmut/template/boofuzz/seed_1/mutant_diffs/mutant_734.diff,"--- ha_source/homeassistant/helpers/template.py\n+++ ha_source/homeassistant/helpers/template.py\n@@ -1991,7 +1991,7 @@\n-            default = args[2]\n+            default = args[3]"
template.py,735,T1: value-template rendering/interpreting,resultados_mutmut/template/boofuzz/seed_1/mutant_diffs/mutant_735.diff,"--- ha_source/homeassistant/helpers/template.py\n+++ ha_source/homeassistant/helpers/template.py\n@@ -1991,7 +1991,7 @@\n-            default = args[2]\n+            default = None"
template.py,736,T1: value-template rendering/interpreting,resultados_mutmut/template/boofuzz/seed_1/mutant_diffs/mutant_736.diff,"--- ha_source/homeassistant/helpers/template.py\n+++ ha_source/homeassistant/helpers/template.py\n@@ -1993,7 +1993,7 @@\n-        return math.atan2(float(args[0]), float(args[1]))\n+        return math.atan2(float(args[1]), float(args[1]))"
template.py,737,T1: value-template rendering/interpreting,resultados_mutmut/template/boofuzz/seed_1/mutant_diffs/mutant_737.diff,"--- ha_source/homeassistant/helpers/template.py\n+++ ha_source/homeassistant/helpers/template.py\n@@ -1993,7 +1993,7 @@\n-        return math.atan2(float(args[0]), float(args[1]))\n+        return math.atan2(float(args[0]), float(args[2]))"
template.py,738,T1: value-template rendering/interpreting,resultados_mutmut/template/boofuzz/seed_1/mutant_diffs/mutant_738.diff,"--- ha_source/homeassistant/helpers/template.py\n+++ ha_source/homeassistant/helpers/template.py\n@@ -1995,7 +1995,7 @@\n-        if default is _SENTINEL:\n+        if default is not _SENTINEL:"
template.py,740,T1: value-template rendering/interpreting,resultados_mutmut/template/boofuzz/seed_1/mutant_diffs/mutant_740.diff,"--- ha_source/homeassistant/helpers/template.py\n+++ ha_source/homeassistant/helpers/template.py\n@@ -2010,7 +2010,7 @@\n-        if default is _SENTINEL:\n+        if default is not _SENTINEL:"
template.py,742,T1: value-template rendering/interpreting,resultados_mutmut/template/boofuzz/seed_1/mutant_diffs/mutant_742.diff,"--- ha_source/homeassistant/helpers/template.py\n+++ ha_source/homeassistant/helpers/template.py\n@@ -2015,7 +2015,7 @@\n-def timestamp_custom(value, date_format=DATE_STR_FORMAT, local=True, default=_SENTINEL):\n+def timestamp_custom(value, date_format=DATE_STR_FORMAT, local=False, default=_SENTINEL):"
template.py,743,T1: value-template rendering/interpreting,resultados_mutmut/template/boofuzz/seed_1/mutant_diffs/mutant_743.diff,"--- ha_source/homeassistant/helpers/template.py\n+++ ha_source/homeassistant/helpers/template.py\n@@ -2018,7 +2018,7 @@\n-        result = dt_util.utc_from_timestamp(value)\n+        result = None"
template.py,744,T1: value-template rendering/interpreting,resultados_mutmut/template/boofuzz/seed_1/mutant_diffs/mutant_744.diff,"--- ha_source/homeassistant/helpers/template.py\n+++ ha_source/homeassistant/helpers/template.py\n@@ -2021,7 +2021,7 @@\n-            result = dt_util.as_local(result)\n+            result = None"
template.py,745,T1: value-template rendering/interpreting,resultados_mutmut/template/boofuzz/seed_1/mutant_diffs/mutant_745.diff,"--- ha_source/homeassistant/helpers/template.py\n+++ ha_source/homeassistant/helpers/template.py\n@@ -2026,7 +2026,7 @@\n-        if default is _SENTINEL:\n+        if default is not _SENTINEL:"
template.py,747,T1: value-template rendering/interpreting,resultados_mutmut/template/boofuzz/seed_1/mutant_diffs/mutant_747.diff,"--- ha_source/homeassistant/helpers/template.py\n+++ ha_source/homeassistant/helpers/template.py\n@@ -2037,7 +2037,7 @@\n-        if default is _SENTINEL:\n+        if default is not _SENTINEL:"
template.py,749,T1: value-template rendering/interpreting,resultados_mutmut/template/boofuzz/seed_1/mutant_diffs/mutant_749.diff,"--- ha_source/homeassistant/helpers/template.py\n+++ ha_source/homeassistant/helpers/template.py\n@@ -2048,7 +2048,7 @@\n-        if default is _SENTINEL:\n+        if default is not _SENTINEL:"
template.py,751,T1: value-template rendering/interpreting,resultados_mutmut/template/boofuzz/seed_1/mutant_diffs/mutant_751.diff,"--- ha_source/homeassistant/helpers/template.py\n+++ ha_source/homeassistant/helpers/template.py\n@@ -2058,7 +2058,7 @@\n-        if default is _SENTINEL:\n+        if default is not _SENTINEL:"
template.py,753,T1: value-template rendering/interpreting,resultados_mutmut/template/boofuzz/seed_1/mutant_diffs/mutant_753.diff,"--- ha_source/homeassistant/helpers/template.py\n+++ ha_source/homeassistant/helpers/template.py\n@@ -2066,7 +2066,7 @@\n-    if type(value) is datetime:\n+    if type(value) is not datetime:"
template.py,754,T1: value-template rendering/interpreting,resultados_mutmut/template/boofuzz/seed_1/mutant_diffs/mutant_754.diff,"--- ha_source/homeassistant/helpers/template.py\n+++ ha_source/homeassistant/helpers/template.py\n@@ -2069,7 +2069,7 @@\n-    if type(value) is date:\n+    if type(value) is not date:"
template.py,755,T1: value-template rendering/interpreting,resultados_mutmut/template/boofuzz/seed_1/mutant_diffs/mutant_755.diff,"--- ha_source/homeassistant/helpers/template.py\n+++ ha_source/homeassistant/helpers/template.py\n@@ -2070,7 +2070,7 @@\n-        return datetime.combine(value, time(0, 0, 0))\n+        return datetime.combine(value, time(1, 0, 0))"
template.py,756,T1: value-template rendering/interpreting,resultados_mutmut/template/boofuzz/seed_1/mutant_diffs/mutant_756.diff,"--- ha_source/homeassistant/helpers/template.py\n+++ ha_source/homeassistant/helpers/template.py\n@@ -2070,7 +2070,7 @@\n-        return datetime.combine(value, time(0, 0, 0))\n+        return datetime.combine(value, time(0, 1, 0))"
template.py,757,T1: value-template rendering/interpreting,resultados_mutmut/template/boofuzz/seed_1/mutant_diffs/mutant_757.diff,"--- ha_source/homeassistant/helpers/template.py\n+++ ha_source/homeassistant/helpers/template.py\n@@ -2070,7 +2070,7 @@\n-        return datetime.combine(value, time(0, 0, 0))\n+        return datetime.combine(value, time(0, 0, 1))"
template.py,758,T1: value-template rendering/interpreting,resultados_mutmut/template/boofuzz/seed_1/mutant_diffs/mutant_758.diff,"--- ha_source/homeassistant/helpers/template.py\n+++ ha_source/homeassistant/helpers/template.py\n@@ -2073,7 +2073,7 @@\n-        timestamp = float(value)\n+        timestamp = None"
template.py,759,T1: value-template rendering/interpreting,resultados_mutmut/template/boofuzz/seed_1/mutant_diffs/mutant_759.diff,"--- ha_source/homeassistant/helpers/template.py\n+++ ha_source/homeassistant/helpers/template.py\n@@ -2078,7 +2078,7 @@\n-            return dt_util.parse_datetime(value, raise_on_error=True)\n+            return dt_util.parse_datetime(value, raise_on_error=False)"
template.py,760,T1: value-template rendering/interpreting,resultados_mutmut/template/boofuzz/seed_1/mutant_diffs/mutant_760.diff,"--- ha_source/homeassistant/helpers/template.py\n+++ ha_source/homeassistant/helpers/template.py\n@@ -2080,7 +2080,7 @@\n-            if default is _SENTINEL:\n+            if default is not _SENTINEL:"
template.py,762,T1: value-template rendering/interpreting,resultados_mutmut/template/boofuzz/seed_1/mutant_diffs/mutant_762.diff,"--- ha_source/homeassistant/helpers/template.py\n+++ ha_source/homeassistant/helpers/template.py\n@@ -2099,7 +2099,7 @@\n-        if default is _SENTINEL:\n+        if default is not _SENTINEL:"
template.py,764,T1: value-template rendering/interpreting,resultados_mutmut/template/boofuzz/seed_1/mutant_diffs/mutant_764.diff,"--- ha_source/homeassistant/helpers/template.py\n+++ ha_source/homeassistant/helpers/template.py\n@@ -2117,7 +2117,6 @@\n-    @pass_environment"
template.py,765,T1: value-template rendering/interpreting,resultados_mutmut/template/boofuzz/seed_1/mutant_diffs/mutant_765.diff,"--- ha_source/homeassistant/helpers/template.py\n+++ ha_source/homeassistant/helpers/template.py\n@@ -2118,7 +2118,7 @@\n-    @wraps(builtin_filter)\n+"
template.py,766,T1: value-template rendering/interpreting,resultados_mutmut/template/boofuzz/seed_1/mutant_diffs/mutant_766.diff,"--- ha_source/homeassistant/helpers/template.py\n+++ ha_source/homeassistant/helpers/template.py\n@@ -2120,7 +2120,7 @@\n-        if len(args) == 0:\n+        if len(args) != 0:"
template.py,767,T1: value-template rendering/interpreting,resultados_mutmut/template/boofuzz/seed_1/mutant_diffs/mutant_767.diff,"--- ha_source/homeassistant/helpers/template.py\n+++ ha_source/homeassistant/helpers/template.py\n@@ -2120,7 +2120,7 @@\n-        if len(args) == 0:\n+        if len(args) == 1:"
template.py,838,T1: value-template rendering/interpreting,resultados_mutmut/template/boofuzz/seed_1/mutant_diffs/mutant_838.diff,"--- ha_source/homeassistant/helpers/template.py\n+++ ha_source/homeassistant/helpers/template.py\n@@ -2228,7 +2228,7 @@\n-        if default is _SENTINEL:\n+        if default is not _SENTINEL:"
template.py,840,T1: value-template rendering/interpreting,resultados_mutmut/template/boofuzz/seed_1/mutant_diffs/mutant_840.diff,"--- ha_source/homeassistant/helpers/template.py\n+++ ha_source/homeassistant/helpers/template.py\n@@ -2238,7 +2238,7 @@\n-        if default is _SENTINEL:\n+        if default is not _SENTINEL:"
template.py,842,T1: value-template rendering/interpreting,resultados_mutmut/template/boofuzz/seed_1/mutant_diffs/mutant_842.diff,"--- ha_source/homeassistant/helpers/template.py\n+++ ha_source/homeassistant/helpers/template.py\n@@ -2243,7 +2243,7 @@\n-def forgiving_int(value, default=_SENTINEL, base=10):\n+def forgiving_int(value, default=_SENTINEL, base=11):"
template.py,843,T1: value-template rendering/interpreting,resultados_mutmut/template/boofuzz/seed_1/mutant_diffs/mutant_843.diff,"--- ha_source/homeassistant/helpers/template.py\n+++ ha_source/homeassistant/helpers/template.py\n@@ -2245,7 +2245,7 @@\n-    result = jinja2.filters.do_int(value, default=default, base=base)\n+    result = None"
template.py,844,T1: value-template rendering/interpreting,resultados_mutmut/template/boofuzz/seed_1/mutant_diffs/mutant_844.diff,"--- ha_source/homeassistant/helpers/template.py\n+++ ha_source/homeassistant/helpers/template.py\n@@ -2246,7 +2246,7 @@\n-    if result is _SENTINEL:\n+    if result is not _SENTINEL:"
template.py,846,T1: value-template rendering/interpreting,resultados_mutmut/template/boofuzz/seed_1/mutant_diffs/mutant_846.diff,"--- ha_source/homeassistant/helpers/template.py\n+++ ha_source/homeassistant/helpers/template.py\n@@ -2251,7 +2251,7 @@\n-def forgiving_int_filter(value, default=_SENTINEL, base=10):\n+def forgiving_int_filter(value, default=_SENTINEL, base=11):"
template.py,847,T1: value-template rendering/interpreting,resultados_mutmut/template/boofuzz/seed_1/mutant_diffs/mutant_847.diff,"--- ha_source/homeassistant/helpers/template.py\n+++ ha_source/homeassistant/helpers/template.py\n@@ -2253,7 +2253,7 @@\n-    result = jinja2.filters.do_int(value, default=default, base=base)\n+    result = None"
template.py,848,T1: value-template rendering/interpreting,resultados_mutmut/template/boofuzz/seed_1/mutant_diffs/mutant_848.diff,"--- ha_source/homeassistant/helpers/template.py\n+++ ha_source/homeassistant/helpers/template.py\n@@ -2254,7 +2254,7 @@\n-    if result is _SENTINEL:\n+    if result is not _SENTINEL:"
template.py,850,T1: value-template rendering/interpreting,resultados_mutmut/template/boofuzz/seed_1/mutant_diffs/mutant_850.diff,"--- ha_source/homeassistant/helpers/template.py\n+++ ha_source/homeassistant/helpers/template.py\n@@ -2262,7 +2262,7 @@\n-        fvalue = float(value)\n+        fvalue = None"
template.py,851,T1: value-template rendering/interpreting,resultados_mutmut/template/boofuzz/seed_1/mutant_diffs/mutant_851.diff,"--- ha_source/homeassistant/helpers/template.py\n+++ ha_source/homeassistant/helpers/template.py\n@@ -2264,7 +2264,7 @@\n-        return False\n+        return True"
template.py,852,T1: value-template rendering/interpreting,resultados_mutmut/template/boofuzz/seed_1/mutant_diffs/mutant_852.diff,"--- ha_source/homeassistant/helpers/template.py\n+++ ha_source/homeassistant/helpers/template.py\n@@ -2265,7 +2265,7 @@\n-    if not math.isfinite(fvalue):\n+    if  math.isfinite(fvalue):"
template.py,853,T1: value-template rendering/interpreting,resultados_mutmut/template/boofuzz/seed_1/mutant_diffs/mutant_853.diff,"--- ha_source/homeassistant/helpers/template.py\n+++ ha_source/homeassistant/helpers/template.py\n@@ -2266,7 +2266,7 @@\n-        return False\n+        return True"
template.py,854,T1: value-template rendering/interpreting,resultados_mutmut/template/boofuzz/seed_1/mutant_diffs/mutant_854.diff,"--- ha_source/homeassistant/helpers/template.py\n+++ ha_source/homeassistant/helpers/template.py\n@@ -2267,7 +2267,7 @@\n-    return True\n+    return False"
template.py,856,T1: value-template rendering/interpreting,resultados_mutmut/template/boofuzz/seed_1/mutant_diffs/mutant_856.diff,"--- ha_source/homeassistant/helpers/template.py\n+++ ha_source/homeassistant/helpers/template.py\n@@ -2305,7 +2305,7 @@\n-def regex_match(value, find="""", ignorecase=False):\n+def regex_match(value, find="""", ignorecase=True):"
template.py,857,T1: value-template rendering/interpreting,resultados_mutmut/template/boofuzz/seed_1/mutant_diffs/mutant_857.diff,"--- ha_source/homeassistant/helpers/template.py\n+++ ha_source/homeassistant/helpers/template.py\n@@ -2307,7 +2307,7 @@\n-    if not isinstance(value, str):\n+    if  isinstance(value, str):"
template.py,858,T1: value-template rendering/interpreting,resultados_mutmut/template/boofuzz/seed_1/mutant_diffs/mutant_858.diff,"--- ha_source/homeassistant/helpers/template.py\n+++ ha_source/homeassistant/helpers/template.py\n@@ -2308,7 +2308,7 @@\n-        value = str(value)\n+        value = None"
template.py,859,T1: value-template rendering/interpreting,resultados_mutmut/template/boofuzz/seed_1/mutant_diffs/mutant_859.diff,"--- ha_source/homeassistant/helpers/template.py\n+++ ha_source/homeassistant/helpers/template.py\n@@ -2309,7 +2309,7 @@\n-    flags = re.I if ignorecase else 0\n+    flags = re.I if ignorecase else 1"
template.py,860,T1: value-template rendering/interpreting,resultados_mutmut/template/boofuzz/seed_1/mutant_diffs/mutant_860.diff,"--- ha_source/homeassistant/helpers/template.py\n+++ ha_source/homeassistant/helpers/template.py\n@@ -2309,7 +2309,7 @@\n-    flags = re.I if ignorecase else 0\n+    flags = None"
template.py,861,T1: value-template rendering/interpreting,resultados_mutmut/template/boofuzz/seed_1/mutant_diffs/mutant_861.diff,"--- ha_source/homeassistant/helpers/template.py\n+++ ha_source/homeassistant/helpers/template.py\n@@ -2313,7 +2313,7 @@\n-_regex_cache = lru_cache(maxsize=128)(re.compile)\n+_regex_cache = lru_cache(maxsize=129)(re.compile)"
template.py,862,T1: value-template rendering/interpreting,resultados_mutmut/template/boofuzz/seed_1/mutant_diffs/mutant_862.diff,"--- ha_source/homeassistant/helpers/template.py\n+++ ha_source/homeassistant/helpers/template.py\n@@ -2313,7 +2313,7 @@\n-_regex_cache = lru_cache(maxsize=128)(re.compile)\n+_regex_cache = None"
template.py,866,T1: value-template rendering/interpreting,resultados_mutmut/template/boofuzz/seed_1/mutant_diffs/mutant_866.diff,"--- ha_source/homeassistant/helpers/template.py\n+++ ha_source/homeassistant/helpers/template.py\n@@ -2316,7 +2316,7 @@\n-def regex_replace(value="""", find="""", replace="""", ignorecase=False):\n+def regex_replace(value="""", find="""", replace="""", ignorecase=True):"
template.py,867,T1: value-template rendering/interpreting,resultados_mutmut/template/boofuzz/seed_1/mutant_diffs/mutant_867.diff,"--- ha_source/homeassistant/helpers/template.py\n+++ ha_source/homeassistant/helpers/template.py\n@@ -2318,7 +2318,7 @@\n-    if not isinstance(value, str):\n+    if  isinstance(value, str):"
template.py,868,T1: value-template rendering/interpreting,resultados_mutmut/template/boofuzz/seed_1/mutant_diffs/mutant_868.diff,"--- ha_source/homeassistant/helpers/template.py\n+++ ha_source/homeassistant/helpers/template.py\n@@ -2319,7 +2319,7 @@\n-        value = str(value)\n+        value = None"
template.py,869,T1: value-template rendering/interpreting,resultados_mutmut/template/boofuzz/seed_1/mutant_diffs/mutant_869.diff,"--- ha_source/homeassistant/helpers/template.py\n+++ ha_source/homeassistant/helpers/template.py\n@@ -2320,7 +2320,7 @@\n-    flags = re.I if ignorecase else 0\n+    flags = re.I if ignorecase else 1"
template.py,870,T1: value-template rendering/interpreting,resultados_mutmut/template/boofuzz/seed_1/mutant_diffs/mutant_870.diff,"--- ha_source/homeassistant/helpers/template.py\n+++ ha_source/homeassistant/helpers/template.py\n@@ -2320,7 +2320,7 @@\n-    flags = re.I if ignorecase else 0\n+    flags = None"
template.py,872,T1: value-template rendering/interpreting,resultados_mutmut/template/boofuzz/seed_1/mutant_diffs/mutant_872.diff,"--- ha_source/homeassistant/helpers/template.py\n+++ ha_source/homeassistant/helpers/template.py\n@@ -2324,7 +2324,7 @@\n-def regex_search(value, find="""", ignorecase=False):\n+def regex_search(value, find="""", ignorecase=True):"
template.py,873,T1: value-template rendering/interpreting,resultados_mutmut/template/boofuzz/seed_1/mutant_diffs/mutant_873.diff,"--- ha_source/homeassistant/helpers/template.py\n+++ ha_source/homeassistant/helpers/template.py\n@@ -2326,7 +2326,7 @@\n-    if not isinstance(value, str):\n+    if  isinstance(value, str):"
template.py,874,T1: value-template rendering/interpreting,resultados_mutmut/template/boofuzz/seed_1/mutant_diffs/mutant_874.diff,"--- ha_source/homeassistant/helpers/template.py\n+++ ha_source/homeassistant/helpers/template.py\n@@ -2327,7 +2327,7 @@\n-        value = str(value)\n+        value = None"
template.py,875,T1: value-template rendering/interpreting,resultados_mutmut/template/boofuzz/seed_1/mutant_diffs/mutant_875.diff,"--- ha_source/homeassistant/helpers/template.py\n+++ ha_source/homeassistant/helpers/template.py\n@@ -2328,7 +2328,7 @@\n-    flags = re.I if ignorecase else 0\n+    flags = re.I if ignorecase else 1"
template.py,876,T1: value-template rendering/interpreting,resultados_mutmut/template/boofuzz/seed_1/mutant_diffs/mutant_876.diff,"--- ha_source/homeassistant/helpers/template.py\n+++ ha_source/homeassistant/helpers/template.py\n@@ -2328,7 +2328,7 @@\n-    flags = re.I if ignorecase else 0\n+    flags = None"
template.py,878,T1: value-template rendering/interpreting,resultados_mutmut/template/boofuzz/seed_1/mutant_diffs/mutant_878.diff,"--- ha_source/homeassistant/helpers/template.py\n+++ ha_source/homeassistant/helpers/template.py\n@@ -2332,7 +2332,7 @@\n-def regex_findall_index(value, find="""", index=0, ignorecase=False):\n+def regex_findall_index(value, find="""", index=1, ignorecase=False):"
template.py,879,T1: value-template rendering/interpreting,resultados_mutmut/template/boofuzz/seed_1/mutant_diffs/mutant_879.diff,"--- ha_source/homeassistant/helpers/template.py\n+++ ha_source/homeassistant/helpers/template.py\n@@ -2332,7 +2332,7 @@\n-def regex_findall_index(value, find="""", index=0, ignorecase=False):\n+def regex_findall_index(value, find="""", index=0, ignorecase=True):"
template.py,881,T1: value-template rendering/interpreting,resultados_mutmut/template/boofuzz/seed_1/mutant_diffs/mutant_881.diff,"--- ha_source/homeassistant/helpers/template.py\n+++ ha_source/homeassistant/helpers/template.py\n@@ -2337,7 +2337,7 @@\n-def regex_findall(value, find="""", ignorecase=False):\n+def regex_findall(value, find="""", ignorecase=True):"
template.py,882,T1: value-template rendering/interpreting,resultados_mutmut/template/boofuzz/seed_1/mutant_diffs/mutant_882.diff,"--- ha_source/homeassistant/helpers/template.py\n+++ ha_source/homeassistant/helpers/template.py\n@@ -2339,7 +2339,7 @@\n-    if not isinstance(value, str):\n+    if  isinstance(value, str):"
template.py,883,T1: value-template rendering/interpreting,resultados_mutmut/template/boofuzz/seed_1/mutant_diffs/mutant_883.diff,"--- ha_source/homeassistant/helpers/template.py\n+++ ha_source/homeassistant/helpers/template.py\n@@ -2340,7 +2340,7 @@\n-        value = str(value)\n+        value = None"
template.py,884,T1: value-template rendering/interpreting,resultados_mutmut/template/boofuzz/seed_1/mutant_diffs/mutant_884.diff,"--- ha_source/homeassistant/helpers/template.py\n+++ ha_source/homeassistant/helpers/template.py\n@@ -2341,7 +2341,7 @@\n-    flags = re.I if ignorecase else 0\n+    flags = re.I if ignorecase else 1"
template.py,885,T1: value-template rendering/interpreting,resultados_mutmut/template/boofuzz/seed_1/mutant_diffs/mutant_885.diff,"--- ha_source/homeassistant/helpers/template.py\n+++ ha_source/homeassistant/helpers/template.py\n@@ -2341,7 +2341,7 @@\n-    flags = re.I if ignorecase else 0\n+    flags = None"
template.py,886,T1: value-template rendering/interpreting,resultados_mutmut/template/boofuzz/seed_1/mutant_diffs/mutant_886.diff,"--- ha_source/homeassistant/helpers/template.py\n+++ ha_source/homeassistant/helpers/template.py\n@@ -2347,7 +2347,7 @@\n-    return first_value & second_value\n+    return first_value | second_value"
template.py,887,T1: value-template rendering/interpreting,resultados_mutmut/template/boofuzz/seed_1/mutant_diffs/mutant_887.diff,"--- ha_source/homeassistant/helpers/template.py\n+++ ha_source/homeassistant/helpers/template.py\n@@ -2352,7 +2352,7 @@\n-    return first_value | second_value\n+    return first_value & second_value"
template.py,888,T1: value-template rendering/interpreting,resultados_mutmut/template/boofuzz/seed_1/mutant_diffs/mutant_888.diff,"--- ha_source/homeassistant/helpers/template.py\n+++ ha_source/homeassistant/helpers/template.py\n@@ -2357,7 +2357,7 @@\n-    return first_value ^ second_value\n+    return first_value & second_value"
template.py,892,T1: value-template rendering/interpreting,resultados_mutmut/template/boofuzz/seed_1/mutant_diffs/mutant_892.diff,"--- ha_source/homeassistant/helpers/template.py\n+++ ha_source/homeassistant/helpers/template.py\n@@ -2378,7 +2378,7 @@\n-def struct_unpack(value: bytes, format_string: str, offset: int = 0) -> Any | None:\n+def struct_unpack(value: bytes, format_string: str, offset: int = 1) -> Any | None:"
template.py,893,T1: value-template rendering/interpreting,resultados_mutmut/template/boofuzz/seed_1/mutant_diffs/mutant_893.diff,"--- ha_source/homeassistant/helpers/template.py\n+++ ha_source/homeassistant/helpers/template.py\n@@ -2381,7 +2381,7 @@\n-        return unpack_from(format_string, value, offset)[0]\n+        return unpack_from(format_string, value, offset)[1]"
template.py,904,T1: value-template rendering/interpreting,resultados_mutmut/template/boofuzz/seed_1/mutant_diffs/mutant_904.diff,"--- ha_source/homeassistant/helpers/template.py\n+++ ha_source/homeassistant/helpers/template.py\n@@ -2408,7 +2408,7 @@\n-    suffixes = [""th"", ""st"", ""nd"", ""rd""] + [""th""] * 6  # codespell:ignore nd\n+    suffixes = [""th"", ""st"", ""nd"", ""rd""] - [""th""] * 6  # codespell:ignore nd"
template.py,906,T1: value-template rendering/interpreting,resultados_mutmut/template/boofuzz/seed_1/mutant_diffs/mutant_906.diff,"--- ha_source/homeassistant/helpers/template.py\n+++ ha_source/homeassistant/helpers/template.py\n@@ -2408,7 +2408,7 @@\n-    suffixes = [""th"", ""st"", ""nd"", ""rd""] + [""th""] * 6  # codespell:ignore nd\n+    suffixes = [""th"", ""st"", ""nd"", ""rd""] + [""th""] / 6  # codespell:ignore nd"
template.py,907,T1: value-template rendering/interpreting,resultados_mutmut/template/boofuzz/seed_1/mutant_diffs/mutant_907.diff,"--- ha_source/homeassistant/helpers/template.py\n+++ ha_source/homeassistant/helpers/template.py\n@@ -2408,7 +2408,7 @@\n-    suffixes = [""th"", ""st"", ""nd"", ""rd""] + [""th""] * 6  # codespell:ignore nd\n+    suffixes = [""th"", ""st"", ""nd"", ""rd""] + [""th""] * 7  # codespell:ignore nd"
template.py,908,T1: value-template rendering/interpreting,resultados_mutmut/template/boofuzz/seed_1/mutant_diffs/mutant_908.diff,"--- ha_source/homeassistant/helpers/template.py\n+++ ha_source/homeassistant/helpers/template.py\n@@ -2408,7 +2408,7 @@\n-    suffixes = [""th"", ""st"", ""nd"", ""rd""] + [""th""] * 6  # codespell:ignore nd\n+    suffixes = None  # codespell:ignore nd"
template.py,909,T1: value-template rendering/interpreting,resultados_mutmut/template/boofuzz/seed_1/mutant_diffs/mutant_909.diff,"--- ha_source/homeassistant/helpers/template.py\n+++ ha_source/homeassistant/helpers/template.py\n@@ -2409,7 +2409,7 @@\n-    return str(value) + (\n+    return str(value) - ("
template.py,910,T1: value-template rendering/interpreting,resultados_mutmut/template/boofuzz/seed_1/mutant_diffs/mutant_910.diff,"--- ha_source/homeassistant/helpers/template.py\n+++ ha_source/homeassistant/helpers/template.py\n@@ -2410,7 +2410,7 @@\n-        suffixes[(int(str(value)[-1])) % 10]\n+        suffixes[(int(str(value)[+1])) % 10]"
template.py,911,T1: value-template rendering/interpreting,resultados_mutmut/template/boofuzz/seed_1/mutant_diffs/mutant_911.diff,"--- ha_source/homeassistant/helpers/template.py\n+++ ha_source/homeassistant/helpers/template.py\n@@ -2410,7 +2410,7 @@\n-        suffixes[(int(str(value)[-1])) % 10]\n+        suffixes[(int(str(value)[-2])) % 10]"
template.py,912,T1: value-template rendering/interpreting,resultados_mutmut/template/boofuzz/seed_1/mutant_diffs/mutant_912.diff,"--- ha_source/homeassistant/helpers/template.py\n+++ ha_source/homeassistant/helpers/template.py\n@@ -2410,7 +2410,7 @@\n-        suffixes[(int(str(value)[-1])) % 10]\n+        suffixes[(int(str(value)[-1])) / 10]"
template.py,913,T1: value-template rendering/interpreting,resultados_mutmut/template/boofuzz/seed_1/mutant_diffs/mutant_913.diff,"--- ha_source/homeassistant/helpers/template.py\n+++ ha_source/homeassistant/helpers/template.py\n@@ -2410,7 +2410,7 @@\n-        suffixes[(int(str(value)[-1])) % 10]\n+        suffixes[(int(str(value)[-1])) % 11]"
template.py,914,T1: value-template rendering/interpreting,resultados_mutmut/template/boofuzz/seed_1/mutant_diffs/mutant_914.diff,"--- ha_source/homeassistant/helpers/template.py\n+++ ha_source/homeassistant/helpers/template.py\n@@ -2411,7 +2411,7 @@\n-        if int(str(value)[-2:]) % 100 not in range(11, 14)\n+        if int(str(value)[+2:]) % 100 not in range(11, 14)"
template.py,915,T1: value-template rendering/interpreting,resultados_mutmut/template/boofuzz/seed_1/mutant_diffs/mutant_915.diff,"--- ha_source/homeassistant/helpers/template.py\n+++ ha_source/homeassistant/helpers/template.py\n@@ -2411,7 +2411,7 @@\n-        if int(str(value)[-2:]) % 100 not in range(11, 14)\n+        if int(str(value)[-3:]) % 100 not in range(11, 14)"
template.py,916,T1: value-template rendering/interpreting,resultados_mutmut/template/boofuzz/seed_1/mutant_diffs/mutant_916.diff,"--- ha_source/homeassistant/helpers/template.py\n+++ ha_source/homeassistant/helpers/template.py\n@@ -2411,7 +2411,7 @@\n-        if int(str(value)[-2:]) % 100 not in range(11, 14)\n+        if int(str(value)[-2:]) / 100 not in range(11, 14)"
template.py,917,T1: value-template rendering/interpreting,resultados_mutmut/template/boofuzz/seed_1/mutant_diffs/mutant_917.diff,"--- ha_source/homeassistant/helpers/template.py\n+++ ha_source/homeassistant/helpers/template.py\n@@ -2411,7 +2411,7 @@\n-        if int(str(value)[-2:]) % 100 not in range(11, 14)\n+        if int(str(value)[-2:]) % 101 not in range(11, 14)"
template.py,918,T1: value-template rendering/interpreting,resultados_mutmut/template/boofuzz/seed_1/mutant_diffs/mutant_918.diff,"--- ha_source/homeassistant/helpers/template.py\n+++ ha_source/homeassistant/helpers/template.py\n@@ -2411,7 +2411,7 @@\n-        if int(str(value)[-2:]) % 100 not in range(11, 14)\n+        if int(str(value)[-2:]) % 100  in range(11, 14)"
template.py,919,T1: value-template rendering/interpreting,resultados_mutmut/template/boofuzz/seed_1/mutant_diffs/mutant_919.diff,"--- ha_source/homeassistant/helpers/template.py\n+++ ha_source/homeassistant/helpers/template.py\n@@ -2411,7 +2411,7 @@\n-        if int(str(value)[-2:]) % 100 not in range(11, 14)\n+        if int(str(value)[-2:]) % 100 not in range(12, 14)"
template.py,920,T1: value-template rendering/interpreting,resultados_mutmut/template/boofuzz/seed_1/mutant_diffs/mutant_920.diff,"--- ha_source/homeassistant/helpers/template.py\n+++ ha_source/homeassistant/helpers/template.py\n@@ -2411,7 +2411,7 @@\n-        if int(str(value)[-2:]) % 100 not in range(11, 14)\n+        if int(str(value)[-2:]) % 100 not in range(11, 15)"
template.py,923,T1: value-template rendering/interpreting,resultados_mutmut/template/boofuzz/seed_1/mutant_diffs/mutant_923.diff,"--- ha_source/homeassistant/helpers/template.py\n+++ ha_source/homeassistant/helpers/template.py\n@@ -2428,7 +2428,7 @@\n-    ensure_ascii: bool = False,\n+    ensure_ascii: bool = True,"
template.py,924,T1: value-template rendering/interpreting,resultados_mutmut/template/boofuzz/seed_1/mutant_diffs/mutant_924.diff,"--- ha_source/homeassistant/helpers/template.py\n+++ ha_source/homeassistant/helpers/template.py\n@@ -2429,7 +2429,7 @@\n-    pretty_print: bool = False,\n+    pretty_print: bool = True,"
template.py,925,T1: value-template rendering/interpreting,resultados_mutmut/template/boofuzz/seed_1/mutant_diffs/mutant_925.diff,"--- ha_source/homeassistant/helpers/template.py\n+++ ha_source/homeassistant/helpers/template.py\n@@ -2430,7 +2430,7 @@\n-    sort_keys: bool = False,\n+    sort_keys: bool = True,"
template.py,926,T1: value-template rendering/interpreting,resultados_mutmut/template/boofuzz/seed_1/mutant_diffs/mutant_926.diff,"--- ha_source/homeassistant/helpers/template.py\n+++ ha_source/homeassistant/helpers/template.py\n@@ -2438,7 +2438,7 @@\n-            indent=2 if pretty_print else None,\n+            indent=3 if pretty_print else None,"
template.py,932,T1: value-template rendering/interpreting,resultados_mutmut/template/boofuzz/seed_1/mutant_diffs/mutant_932.diff,"--- ha_source/homeassistant/helpers/template.py\n+++ ha_source/homeassistant/helpers/template.py\n@@ -2442,15 +2442,7 @@\n-    option = (\n-        ORJSON_PASSTHROUGH_OPTIONS\n-        # OPT_NON_STR_KEYS is added as a workaround to\n-        # ensure subclasses of str are allowed as dict keys\n-        # See: https://github.com/ijl/orjson/issues/445\n-        | orjson.OPT_NON_STR_KEYS\n-        | (orjson.OPT_INDENT_2 if pretty_print else 0)"
template.py,934,T1: value-template rendering/interpreting,resultados_mutmut/template/boofuzz/seed_1/mutant_diffs/mutant_934.diff,"--- ha_source/homeassistant/helpers/template.py\n+++ ha_source/homeassistant/helpers/template.py\n@@ -2458,8 +2458,6 @@\n-\n-@pass_context"
template.py,936,T1: value-template rendering/interpreting,resultados_mutmut/template/boofuzz/seed_1/mutant_diffs/mutant_936.diff,"--- ha_source/homeassistant/helpers/template.py\n+++ ha_source/homeassistant/helpers/template.py\n@@ -2471,7 +2471,7 @@\n-    if (render_info := _render_info.get()) is not None:\n+    if (render_info := _render_info.get()) is  None:"
template.py,937,T1: value-template rendering/interpreting,resultados_mutmut/template/boofuzz/seed_1/mutant_diffs/mutant_937.diff,"--- ha_source/homeassistant/helpers/template.py\n+++ ha_source/homeassistant/helpers/template.py\n@@ -2472,7 +2472,7 @@\n-        render_info.has_time = True\n+        render_info.has_time = False"
template.py,938,T1: value-template rendering/interpreting,resultados_mutmut/template/boofuzz/seed_1/mutant_diffs/mutant_938.diff,"--- ha_source/homeassistant/helpers/template.py\n+++ ha_source/homeassistant/helpers/template.py\n@@ -2472,7 +2472,7 @@\n-        render_info.has_time = True\n+        render_info.has_time = None"
template.py,939,T1: value-template rendering/interpreting,resultados_mutmut/template/boofuzz/seed_1/mutant_diffs/mutant_939.diff,"--- ha_source/homeassistant/helpers/template.py\n+++ ha_source/homeassistant/helpers/template.py\n@@ -2474,7 +2474,7 @@\n-    today = dt_util.start_of_local_day()\n+    today = None"
template.py,941,T1: value-template rendering/interpreting,resultados_mutmut/template/boofuzz/seed_1/mutant_diffs/mutant_941.diff,"--- ha_source/homeassistant/helpers/template.py\n+++ ha_source/homeassistant/helpers/template.py\n@@ -2478,7 +2478,7 @@\n-    if (time_today := dt_util.parse_time(time_str)) is None:\n+    if (time_today := dt_util.parse_time(time_str)) is not None:"
template.py,943,T1: value-template rendering/interpreting,resultados_mutmut/template/boofuzz/seed_1/mutant_diffs/mutant_943.diff,"--- ha_source/homeassistant/helpers/template.py\n+++ ha_source/homeassistant/helpers/template.py\n@@ -2501,7 +2501,7 @@\n-    if (render_info := _render_info.get()) is not None:\n+    if (render_info := _render_info.get()) is  None:"
template.py,944,T1: value-template rendering/interpreting,resultados_mutmut/template/boofuzz/seed_1/mutant_diffs/mutant_944.diff,"--- ha_source/homeassistant/helpers/template.py\n+++ ha_source/homeassistant/helpers/template.py\n@@ -2502,7 +2502,7 @@\n-        render_info.has_time = True\n+        render_info.has_time = False"
template.py,945,T1: value-template rendering/interpreting,resultados_mutmut/template/boofuzz/seed_1/mutant_diffs/mutant_945.diff,"--- ha_source/homeassistant/helpers/template.py\n+++ ha_source/homeassistant/helpers/template.py\n@@ -2502,7 +2502,7 @@\n-        render_info.has_time = True\n+        render_info.has_time = None"
template.py,946,T1: value-template rendering/interpreting,resultados_mutmut/template/boofuzz/seed_1/mutant_diffs/mutant_946.diff,"--- ha_source/homeassistant/helpers/template.py\n+++ ha_source/homeassistant/helpers/template.py\n@@ -2504,7 +2504,7 @@\n-    if not isinstance(value, datetime):\n+    if  isinstance(value, datetime):"
template.py,947,T1: value-template rendering/interpreting,resultados_mutmut/template/boofuzz/seed_1/mutant_diffs/mutant_947.diff,"--- ha_source/homeassistant/helpers/template.py\n+++ ha_source/homeassistant/helpers/template.py\n@@ -2506,7 +2506,7 @@\n-    if not value.tzinfo:\n+    if  value.tzinfo:"
template.py,948,T1: value-template rendering/interpreting,resultados_mutmut/template/boofuzz/seed_1/mutant_diffs/mutant_948.diff,"--- ha_source/homeassistant/helpers/template.py\n+++ ha_source/homeassistant/helpers/template.py\n@@ -2507,7 +2507,7 @@\n-        value = dt_util.as_local(value)\n+        value = None"
template.py,949,T1: value-template rendering/interpreting,resultados_mutmut/template/boofuzz/seed_1/mutant_diffs/mutant_949.diff,"--- ha_source/homeassistant/helpers/template.py\n+++ ha_source/homeassistant/helpers/template.py\n@@ -2508,7 +2508,7 @@\n-    if dt_util.now() < value:\n+    if dt_util.now() <= value:"
template.py,950,T1: value-template rendering/interpreting,resultados_mutmut/template/boofuzz/seed_1/mutant_diffs/mutant_950.diff,"--- ha_source/homeassistant/helpers/template.py\n+++ ha_source/homeassistant/helpers/template.py\n@@ -2513,7 +2513,7 @@\n-def time_since(hass: HomeAssistant, value: Any | datetime, precision: int = 1) -> Any:\n+def time_since(hass: HomeAssistant, value: Any | datetime, precision: int = 2) -> Any:"
template.py,951,T1: value-template rendering/interpreting,resultados_mutmut/template/boofuzz/seed_1/mutant_diffs/mutant_951.diff,"--- ha_source/homeassistant/helpers/template.py\n+++ ha_source/homeassistant/helpers/template.py\n@@ -2522,7 +2522,7 @@\n-    if (render_info := _render_info.get()) is not None:\n+    if (render_info := _render_info.get()) is  None:"
template.py,952,T1: value-template rendering/interpreting,resultados_mutmut/template/boofuzz/seed_1/mutant_diffs/mutant_952.diff,"--- ha_source/homeassistant/helpers/template.py\n+++ ha_source/homeassistant/helpers/template.py\n@@ -2523,7 +2523,7 @@\n-        render_info.has_time = True\n+        render_info.has_time = False"
template.py,953,T1: value-template rendering/interpreting,resultados_mutmut/template/boofuzz/seed_1/mutant_diffs/mutant_953.diff,"--- ha_source/homeassistant/helpers/template.py\n+++ ha_source/homeassistant/helpers/template.py\n@@ -2523,7 +2523,7 @@\n-        render_info.has_time = True\n+        render_info.has_time = None"
template.py,954,T1: value-template rendering/interpreting,resultados_mutmut/template/boofuzz/seed_1/mutant_diffs/mutant_954.diff,"--- ha_source/homeassistant/helpers/template.py\n+++ ha_source/homeassistant/helpers/template.py\n@@ -2525,7 +2525,7 @@\n-    if not isinstance(value, datetime):\n+    if  isinstance(value, datetime):"
template.py,955,T1: value-template rendering/interpreting,resultados_mutmut/template/boofuzz/seed_1/mutant_diffs/mutant_955.diff,"--- ha_source/homeassistant/helpers/template.py\n+++ ha_source/homeassistant/helpers/template.py\n@@ -2527,7 +2527,7 @@\n-    if not value.tzinfo:\n+    if  value.tzinfo:"
template.py,956,T1: value-template rendering/interpreting,resultados_mutmut/template/boofuzz/seed_1/mutant_diffs/mutant_956.diff,"--- ha_source/homeassistant/helpers/template.py\n+++ ha_source/homeassistant/helpers/template.py\n@@ -2528,7 +2528,7 @@\n-        value = dt_util.as_local(value)\n+        value = None"
template.py,957,T1: value-template rendering/interpreting,resultados_mutmut/template/boofuzz/seed_1/mutant_diffs/mutant_957.diff,"--- ha_source/homeassistant/helpers/template.py\n+++ ha_source/homeassistant/helpers/template.py\n@@ -2529,7 +2529,7 @@\n-    if dt_util.now() < value:\n+    if dt_util.now() <= value:"
template.py,958,T1: value-template rendering/interpreting,resultados_mutmut/template/boofuzz/seed_1/mutant_diffs/mutant_958.diff,"--- ha_source/homeassistant/helpers/template.py\n+++ ha_source/homeassistant/helpers/template.py\n@@ -2535,7 +2535,7 @@\n-def time_until(hass: HomeAssistant, value: Any | datetime, precision: int = 1) -> Any:\n+def time_until(hass: HomeAssistant, value: Any | datetime, precision: int = 2) -> Any:"
template.py,959,T1: value-template rendering/interpreting,resultados_mutmut/template/boofuzz/seed_1/mutant_diffs/mutant_959.diff,"--- ha_source/homeassistant/helpers/template.py\n+++ ha_source/homeassistant/helpers/template.py\n@@ -2544,7 +2544,7 @@\n-    if (render_info := _render_info.get()) is not None:\n+    if (render_info := _render_info.get()) is  None:"
template.py,960,T1: value-template rendering/interpreting,resultados_mutmut/template/boofuzz/seed_1/mutant_diffs/mutant_960.diff,"--- ha_source/homeassistant/helpers/template.py\n+++ ha_source/homeassistant/helpers/template.py\n@@ -2545,7 +2545,7 @@\n-        render_info.has_time = True\n+        render_info.has_time = False"
template.py,961,T1: value-template rendering/interpreting,resultados_mutmut/template/boofuzz/seed_1/mutant_diffs/mutant_961.diff,"--- ha_source/homeassistant/helpers/template.py\n+++ ha_source/homeassistant/helpers/template.py\n@@ -2545,7 +2545,7 @@\n-        render_info.has_time = True\n+        render_info.has_time = None"
template.py,962,T1: value-template rendering/interpreting,resultados_mutmut/template/boofuzz/seed_1/mutant_diffs/mutant_962.diff,"--- ha_source/homeassistant/helpers/template.py\n+++ ha_source/homeassistant/helpers/template.py\n@@ -2547,7 +2547,7 @@\n-    if not isinstance(value, datetime):\n+    if  isinstance(value, datetime):"
template.py,963,T1: value-template rendering/interpreting,resultados_mutmut/template/boofuzz/seed_1/mutant_diffs/mutant_963.diff,"--- ha_source/homeassistant/helpers/template.py\n+++ ha_source/homeassistant/helpers/template.py\n@@ -2549,7 +2549,7 @@\n-    if not value.tzinfo:\n+    if  value.tzinfo:"
template.py,964,T1: value-template rendering/interpreting,resultados_mutmut/template/boofuzz/seed_1/mutant_diffs/mutant_964.diff,"--- ha_source/homeassistant/helpers/template.py\n+++ ha_source/homeassistant/helpers/template.py\n@@ -2550,7 +2550,7 @@\n-        value = dt_util.as_local(value)\n+        value = None"
template.py,965,T1: value-template rendering/interpreting,resultados_mutmut/template/boofuzz/seed_1/mutant_diffs/mutant_965.diff,"--- ha_source/homeassistant/helpers/template.py\n+++ ha_source/homeassistant/helpers/template.py\n@@ -2551,7 +2551,7 @@\n-    if dt_util.now() > value:\n+    if dt_util.now() >= value:"
template.py,968,T1: value-template rendering/interpreting,resultados_mutmut/template/boofuzz/seed_1/mutant_diffs/mutant_968.diff,"--- ha_source/homeassistant/helpers/template.py\n+++ ha_source/homeassistant/helpers/template.py\n@@ -2568,7 +2568,7 @@\n-    value: Any, if_true: Any = True, if_false: Any = False, if_none: Any = _SENTINEL\n+    value: Any, if_true: Any = False, if_false: Any = False, if_none: Any = _SENTINEL"
template.py,969,T1: value-template rendering/interpreting,resultados_mutmut/template/boofuzz/seed_1/mutant_diffs/mutant_969.diff,"--- ha_source/homeassistant/helpers/template.py\n+++ ha_source/homeassistant/helpers/template.py\n@@ -2568,7 +2568,7 @@\n-    value: Any, if_true: Any = True, if_false: Any = False, if_none: Any = _SENTINEL\n+    value: Any, if_true: Any = True, if_false: Any = True, if_none: Any = _SENTINEL"
template.py,970,T1: value-template rendering/interpreting,resultados_mutmut/template/boofuzz/seed_1/mutant_diffs/mutant_970.diff,"--- ha_source/homeassistant/helpers/template.py\n+++ ha_source/homeassistant/helpers/template.py\n@@ -2580,7 +2580,7 @@\n-    if value is None and if_none is not _SENTINEL:\n+    if value is not None and if_none is not _SENTINEL:"
template.py,971,T1: value-template rendering/interpreting,resultados_mutmut/template/boofuzz/seed_1/mutant_diffs/mutant_971.diff,"--- ha_source/homeassistant/helpers/template.py\n+++ ha_source/homeassistant/helpers/template.py\n@@ -2580,7 +2580,7 @@\n-    if value is None and if_none is not _SENTINEL:\n+    if value is None and if_none is  _SENTINEL:"
template.py,972,T1: value-template rendering/interpreting,resultados_mutmut/template/boofuzz/seed_1/mutant_diffs/mutant_972.diff,"--- ha_source/homeassistant/helpers/template.py\n+++ ha_source/homeassistant/helpers/template.py\n@@ -2580,7 +2580,7 @@\n-    if value is None and if_none is not _SENTINEL:\n+    if value is None or if_none is not _SENTINEL:"
template.py,977,T1: value-template rendering/interpreting,resultados_mutmut/template/boofuzz/seed_1/mutant_diffs/mutant_977.diff,"--- ha_source/homeassistant/helpers/template.py\n+++ ha_source/homeassistant/helpers/template.py\n@@ -2625,7 +2625,7 @@\n-        template, action = template_cv.get() or ("""", ""rendering or compiling"")\n+        template, action = template_cv.get() and ("""", ""rendering or compiling"")"
template.py,978,T1: value-template rendering/interpreting,resultados_mutmut/template/boofuzz/seed_1/mutant_diffs/mutant_978.diff,"--- ha_source/homeassistant/helpers/template.py\n+++ ha_source/homeassistant/helpers/template.py\n@@ -2625,7 +2625,7 @@\n-        template, action = template_cv.get() or ("""", ""rendering or compiling"")\n+        template, action = None"
template.py,980,T1: value-template rendering/interpreting,resultados_mutmut/template/boofuzz/seed_1/mutant_diffs/mutant_980.diff,"--- ha_source/homeassistant/helpers/template.py\n+++ ha_source/homeassistant/helpers/template.py\n@@ -2635,7 +2635,7 @@\n-    _log_fn = log_fn or _log_with_logger\n+    _log_fn = log_fn and _log_with_logger"
template.py,981,T1: value-template rendering/interpreting,resultados_mutmut/template/boofuzz/seed_1/mutant_diffs/mutant_981.diff,"--- ha_source/homeassistant/helpers/template.py\n+++ ha_source/homeassistant/helpers/template.py\n@@ -2635,7 +2635,7 @@\n-    _log_fn = log_fn or _log_with_logger\n+    _log_fn = None"
template.py,982,T1: value-template rendering/interpreting,resultados_mutmut/template/boofuzz/seed_1/mutant_diffs/mutant_982.diff,"--- ha_source/homeassistant/helpers/template.py\n+++ ha_source/homeassistant/helpers/template.py\n@@ -2670,7 +2670,7 @@\n-    custom_templates = await hass.async_add_executor_job(_load_custom_templates, hass)\n+    custom_templates = None"
template.py,983,T1: value-template rendering/interpreting,resultados_mutmut/template/boofuzz/seed_1/mutant_diffs/mutant_983.diff,"--- ha_source/homeassistant/helpers/template.py\n+++ ha_source/homeassistant/helpers/template.py\n@@ -2671,7 +2671,7 @@\n-    _get_hass_loader(hass).sources = custom_templates\n+    _get_hass_loader(hass).sources = None"
template.py,984,T1: value-template rendering/interpreting,resultados_mutmut/template/boofuzz/seed_1/mutant_diffs/mutant_984.diff,"--- ha_source/homeassistant/helpers/template.py\n+++ ha_source/homeassistant/helpers/template.py\n@@ -2675,7 +2675,7 @@\n-    result = {}\n+    result = None"
template.py,988,T1: value-template rendering/interpreting,resultados_mutmut/template/boofuzz/seed_1/mutant_diffs/mutant_988.diff,"--- ha_source/homeassistant/helpers/template.py\n+++ ha_source/homeassistant/helpers/template.py\n@@ -2680,7 +2680,7 @@\n-        if item.is_file() and item.stat().st_size <= MAX_CUSTOM_TEMPLATE_SIZE\n+        if item.is_file() and item.stat().st_size < MAX_CUSTOM_TEMPLATE_SIZE"
template.py,989,T1: value-template rendering/interpreting,resultados_mutmut/template/boofuzz/seed_1/mutant_diffs/mutant_989.diff,"--- ha_source/homeassistant/helpers/template.py\n+++ ha_source/homeassistant/helpers/template.py\n@@ -2680,7 +2680,7 @@\n-        if item.is_file() and item.stat().st_size <= MAX_CUSTOM_TEMPLATE_SIZE\n+        if item.is_file() or item.stat().st_size <= MAX_CUSTOM_TEMPLATE_SIZE"
template.py,991,T1: value-template rendering/interpreting,resultados_mutmut/template/boofuzz/seed_1/mutant_diffs/mutant_991.diff,"--- ha_source/homeassistant/helpers/template.py\n+++ ha_source/homeassistant/helpers/template.py\n@@ -2683,7 +2683,7 @@\n-        content = file.read_text()\n+        content = None"
template.py,992,T1: value-template rendering/interpreting,resultados_mutmut/template/boofuzz/seed_1/mutant_diffs/mutant_992.diff,"--- ha_source/homeassistant/helpers/template.py\n+++ ha_source/homeassistant/helpers/template.py\n@@ -2684,7 +2684,7 @@\n-        path = str(file.relative_to(jinja_path))\n+        path = None"
template.py,993,T1: value-template rendering/interpreting,resultados_mutmut/template/boofuzz/seed_1/mutant_diffs/mutant_993.diff,"--- ha_source/homeassistant/helpers/template.py\n+++ ha_source/homeassistant/helpers/template.py\n@@ -2685,7 +2685,7 @@\n-        result[path] = content\n+        result[path] = None"
template.py,994,T1: value-template rendering/interpreting,resultados_mutmut/template/boofuzz/seed_1/mutant_diffs/mutant_994.diff,"--- ha_source/homeassistant/helpers/template.py\n+++ ha_source/homeassistant/helpers/template.py\n@@ -2688,8 +2688,6 @@\n-\n-@singleton(_HASS_LOADER)"
template.py,999,T1: value-template rendering/interpreting,resultados_mutmut/template/boofuzz/seed_1/mutant_diffs/mutant_999.diff,"--- ha_source/homeassistant/helpers/template.py\n+++ ha_source/homeassistant/helpers/template.py\n@@ -2707,7 +2707,6 @@\n-    @sources.setter"
template.py,1000,T1: value-template rendering/interpreting,resultados_mutmut/template/boofuzz/seed_1/mutant_diffs/mutant_1000.diff,"--- ha_source/homeassistant/helpers/template.py\n+++ ha_source/homeassistant/helpers/template.py\n@@ -2709,7 +2709,7 @@\n-        self._sources = value\n+        self._sources = None"
template.py,1001,T1: value-template rendering/interpreting,resultados_mutmut/template/boofuzz/seed_1/mutant_diffs/mutant_1001.diff,"--- ha_source/homeassistant/helpers/template.py\n+++ ha_source/homeassistant/helpers/template.py\n@@ -2710,7 +2710,7 @@\n-        self._reload += 1\n+        self._reload = 1"
template.py,1002,T1: value-template rendering/interpreting,resultados_mutmut/template/boofuzz/seed_1/mutant_diffs/mutant_1002.diff,"--- ha_source/homeassistant/helpers/template.py\n+++ ha_source/homeassistant/helpers/template.py\n@@ -2710,7 +2710,7 @@\n-        self._reload += 1\n+        self._reload -= 1"
template.py,1003,T1: value-template rendering/interpreting,resultados_mutmut/template/boofuzz/seed_1/mutant_diffs/mutant_1003.diff,"--- ha_source/homeassistant/helpers/template.py\n+++ ha_source/homeassistant/helpers/template.py\n@@ -2710,7 +2710,7 @@\n-        self._reload += 1\n+        self._reload += 2"
template.py,1004,T1: value-template rendering/interpreting,resultados_mutmut/template/boofuzz/seed_1/mutant_diffs/mutant_1004.diff,"--- ha_source/homeassistant/helpers/template.py\n+++ ha_source/homeassistant/helpers/template.py\n@@ -2716,7 +2716,7 @@\n-        if template not in self._sources:\n+        if template  in self._sources:"
template.py,1005,T1: value-template rendering/interpreting,resultados_mutmut/template/boofuzz/seed_1/mutant_diffs/mutant_1005.diff,"--- ha_source/homeassistant/helpers/template.py\n+++ ha_source/homeassistant/helpers/template.py\n@@ -2718,7 +2718,7 @@\n-        cur_reload = self._reload\n+        cur_reload = None"
template.py,1006,T1: value-template rendering/interpreting,resultados_mutmut/template/boofuzz/seed_1/mutant_diffs/mutant_1006.diff,"--- ha_source/homeassistant/helpers/template.py\n+++ ha_source/homeassistant/helpers/template.py\n@@ -2719,7 +2719,7 @@\n-        return self._sources[template], template, lambda: cur_reload == self._reload\n+        return self._sources[template], template, lambda: cur_reload != self._reload"
template.py,1007,T1: value-template rendering/interpreting,resultados_mutmut/template/boofuzz/seed_1/mutant_diffs/mutant_1007.diff,"--- ha_source/homeassistant/helpers/template.py\n+++ ha_source/homeassistant/helpers/template.py\n@@ -2719,7 +2719,7 @@\n-        return self._sources[template], template, lambda: cur_reload == self._reload\n+        return self._sources[template], template, lambda: None"
template.py,1010,T1: value-template rendering/interpreting,resultados_mutmut/template/boofuzz/seed_1/mutant_diffs/mutant_1010.diff,"--- ha_source/homeassistant/helpers/template.py\n+++ ha_source/homeassistant/helpers/template.py\n@@ -2734,7 +2734,7 @@\n-        self.hass = hass\n+        self.hass = None"
template.py,1011,T1: value-template rendering/interpreting,resultados_mutmut/template/boofuzz/seed_1/mutant_diffs/mutant_1011.diff,"--- ha_source/homeassistant/helpers/template.py\n+++ ha_source/homeassistant/helpers/template.py\n@@ -2736,7 +2736,7 @@\n-            str | jinja2.nodes.Template, CodeType | None\n+            str & jinja2.nodes.Template, CodeType | None"
template.py,1012,T1: value-template rendering/interpreting,resultados_mutmut/template/boofuzz/seed_1/mutant_diffs/mutant_1012.diff,"--- ha_source/homeassistant/helpers/template.py\n+++ ha_source/homeassistant/helpers/template.py\n@@ -2736,7 +2736,7 @@\n-            str | jinja2.nodes.Template, CodeType | None\n+            str | jinja2.nodes.Template, CodeType & None"
template.py,1016,T1: value-template rendering/interpreting,resultados_mutmut/template/boofuzz/seed_1/mutant_diffs/mutant_1016.diff,"--- ha_source/homeassistant/helpers/template.py\n+++ ha_source/homeassistant/helpers/template.py\n@@ -2739,7 +2739,7 @@\n-        self.filters[""round""] = forgiving_round\n+        self.filters[""round""] = None"
template.py,1018,T1: value-template rendering/interpreting,resultados_mutmut/template/boofuzz/seed_1/mutant_diffs/mutant_1018.diff,"--- ha_source/homeassistant/helpers/template.py\n+++ ha_source/homeassistant/helpers/template.py\n@@ -2740,7 +2740,7 @@\n-        self.filters[""multiply""] = multiply\n+        self.filters[""multiply""] = None"
template.py,1020,T1: value-template rendering/interpreting,resultados_mutmut/template/boofuzz/seed_1/mutant_diffs/mutant_1020.diff,"--- ha_source/homeassistant/helpers/template.py\n+++ ha_source/homeassistant/helpers/template.py\n@@ -2741,7 +2741,7 @@\n-        self.filters[""add""] = add\n+        self.filters[""add""] = None"
template.py,1207,T1: value-template rendering/interpreting,resultados_mutmut/template/boofuzz/seed_1/mutant_diffs/mutant_1207.diff,"--- ha_source/homeassistant/helpers/template.py\n+++ ha_source/homeassistant/helpers/template.py\n@@ -2842,7 +2842,7 @@\n-        def hassfunction[**_P, _R](\n+        def hassfunction[*_P, _R]("
template.py,1210,T1: value-template rendering/interpreting,resultados_mutmut/template/boofuzz/seed_1/mutant_diffs/mutant_1210.diff,"--- ha_source/homeassistant/helpers/template.py\n+++ ha_source/homeassistant/helpers/template.py\n@@ -2857,7 +2857,7 @@\n-        self.globals[""device_entities""] = hassfunction(device_entities)\n+        self.globals[""device_entities""] = None"
template.py,1213,T1: value-template rendering/interpreting,resultados_mutmut/template/boofuzz/seed_1/mutant_diffs/mutant_1213.diff,"--- ha_source/homeassistant/helpers/template.py\n+++ ha_source/homeassistant/helpers/template.py\n@@ -2858,7 +2858,7 @@\n-        self.filters[""device_entities""] = self.globals[""device_entities""]\n+        self.filters[""device_entities""] = None"
template.py,1342,T1: value-template rendering/interpreting,resultados_mutmut/template/boofuzz/seed_1/mutant_diffs/mutant_1342.diff,"--- ha_source/homeassistant/helpers/template.py\n+++ ha_source/homeassistant/helpers/template.py\n@@ -2935,33 +2935,7 @@\n-            hass_globals = [\n-                ""closest"",\n-                ""distance"",\n-                ""expand"",\n-                ""is_hidden_entity"",\n-                ""is_state"",\n-                ""is_state_attr"","
template.py,1353,T1: value-template rendering/interpreting,resultados_mutmut/template/boofuzz/seed_1/mutant_diffs/mutant_1353.diff,"--- ha_source/homeassistant/helpers/template.py\n+++ ha_source/homeassistant/helpers/template.py\n@@ -2962,18 +2962,7 @@\n-            hass_filters = [\n-                ""closest"",\n-                ""expand"",\n-                ""device_id"",\n-                ""area_id"",\n-                ""area_name"",\n-                ""floor_id"","
template.py,1358,T1: value-template rendering/interpreting,resultados_mutmut/template/boofuzz/seed_1/mutant_diffs/mutant_1358.diff,"--- ha_source/homeassistant/helpers/template.py\n+++ ha_source/homeassistant/helpers/template.py\n@@ -2974,12 +2974,7 @@\n-            hass_tests = [\n-                ""has_value"",\n-                ""is_hidden_entity"",\n-                ""is_state"",\n-                ""is_state_attr"",\n-            ]\n+            hass_tests = None"
template.py,1394,T1: value-template rendering/interpreting,resultados_mutmut/template/boofuzz/seed_1/mutant_diffs/mutant_1394.diff,"--- ha_source/homeassistant/helpers/template.py\n+++ ha_source/homeassistant/helpers/template.py\n@@ -3004,7 +3004,7 @@\n-        self.filters[""states""] = self.globals[""states""]\n+        self.filters[""states""] = None"
template.py,1396,T1: value-template rendering/interpreting,resultados_mutmut/template/boofuzz/seed_1/mutant_diffs/mutant_1396.diff,"--- ha_source/homeassistant/helpers/template.py\n+++ ha_source/homeassistant/helpers/template.py\n@@ -3005,7 +3005,7 @@\n-        self.globals[""state_translated""] = StateTranslated(hass)\n+        self.globals[""state_translated""] = None"
template.py,1399,T1: value-template rendering/interpreting,resultados_mutmut/template/boofuzz/seed_1/mutant_diffs/mutant_1399.diff,"--- ha_source/homeassistant/helpers/template.py\n+++ ha_source/homeassistant/helpers/template.py\n@@ -3006,7 +3006,7 @@\n-        self.filters[""state_translated""] = self.globals[""state_translated""]\n+        self.filters[""state_translated""] = None"
template.py,1401,T1: value-template rendering/interpreting,resultados_mutmut/template/boofuzz/seed_1/mutant_diffs/mutant_1401.diff,"--- ha_source/homeassistant/helpers/template.py\n+++ ha_source/homeassistant/helpers/template.py\n@@ -3007,7 +3007,7 @@\n-        self.globals[""has_value""] = hassfunction(has_value)\n+        self.globals[""has_value""] = None"
template.py,1404,T1: value-template rendering/interpreting,resultados_mutmut/template/boofuzz/seed_1/mutant_diffs/mutant_1404.diff,"--- ha_source/homeassistant/helpers/template.py\n+++ ha_source/homeassistant/helpers/template.py\n@@ -3008,7 +3008,7 @@\n-        self.filters[""has_value""] = self.globals[""has_value""]\n+        self.filters[""has_value""] = None"
template.py,1406,T1: value-template rendering/interpreting,resultados_mutmut/template/boofuzz/seed_1/mutant_diffs/mutant_1406.diff,"--- ha_source/homeassistant/helpers/template.py\n+++ ha_source/homeassistant/helpers/template.py\n@@ -3009,7 +3009,7 @@\n-        self.tests[""has_value""] = hassfunction(has_value, pass_eval_context)\n+        self.tests[""has_value""] = None"
template.py,1408,T1: value-template rendering/interpreting,resultados_mutmut/template/boofuzz/seed_1/mutant_diffs/mutant_1408.diff,"--- ha_source/homeassistant/helpers/template.py\n+++ ha_source/homeassistant/helpers/template.py\n@@ -3010,7 +3010,7 @@\n-        self.globals[""utcnow""] = hassfunction(utcnow)\n+        self.globals[""utcnow""] = None"
template.py,1410,T1: value-template rendering/interpreting,resultados_mutmut/template/boofuzz/seed_1/mutant_diffs/mutant_1410.diff,"--- ha_source/homeassistant/helpers/template.py\n+++ ha_source/homeassistant/helpers/template.py\n@@ -3011,7 +3011,7 @@\n-        self.globals[""now""] = hassfunction(now)\n+        self.globals[""now""] = None"
template.py,1412,T1: value-template rendering/interpreting,resultados_mutmut/template/boofuzz/seed_1/mutant_diffs/mutant_1412.diff,"--- ha_source/homeassistant/helpers/template.py\n+++ ha_source/homeassistant/helpers/template.py\n@@ -3012,7 +3012,7 @@\n-        self.globals[""relative_time""] = hassfunction(relative_time)\n+        self.globals[""relative_time""] = None"
template.py,1431,T1: value-template rendering/interpreting,resultados_mutmut/template/boofuzz/seed_1/mutant_diffs/mutant_1431.diff,"--- ha_source/homeassistant/helpers/template.py\n+++ ha_source/homeassistant/helpers/template.py\n@@ -3025,7 +3025,7 @@\n-        ) or super().is_safe_callable(obj)\n+        ) and super().is_safe_callable(obj)"
template.py,1435,T1: value-template rendering/interpreting,resultados_mutmut/template/boofuzz/seed_1/mutant_diffs/mutant_1435.diff,"--- ha_source/homeassistant/helpers/template.py\n+++ ha_source/homeassistant/helpers/template.py\n@@ -3035,7 +3035,7 @@\n-            return True\n+            return False"
template.py,1436,T1: value-template rendering/interpreting,resultados_mutmut/template/boofuzz/seed_1/mutant_diffs/mutant_1436.diff,"--- ha_source/homeassistant/helpers/template.py\n+++ ha_source/homeassistant/helpers/template.py\n@@ -3039,7 +3039,6 @@\n-    @overload"
template.py,1437,T1: value-template rendering/interpreting,resultados_mutmut/template/boofuzz/seed_1/mutant_diffs/mutant_1437.diff,"--- ha_source/homeassistant/helpers/template.py\n+++ ha_source/homeassistant/helpers/template.py\n@@ -3045,7 +3045,7 @@\n-        raw: Literal[False] = False,\n+        raw: Literal[False] = True,"
template.py,1439,T1: value-template rendering/interpreting,resultados_mutmut/template/boofuzz/seed_1/mutant_diffs/mutant_1439.diff,"--- ha_source/homeassistant/helpers/template.py\n+++ ha_source/homeassistant/helpers/template.py\n@@ -3049,7 +3049,6 @@\n-    @overload"
